-- MySQL dump 10.13  Distrib 5.7.16, for Win64 (x86_64)
--
-- Host: localhost    Database: ok3w
-- ------------------------------------------------------
-- Server version	5.7.16

/*!40101 SET @OLD_CHARACTER_SET_CLIENT=@@CHARACTER_SET_CLIENT */;
/*!40101 SET @OLD_CHARACTER_SET_RESULTS=@@CHARACTER_SET_RESULTS */;
/*!40101 SET @OLD_COLLATION_CONNECTION=@@COLLATION_CONNECTION */;
/*!40101 SET NAMES utf8 */;
/*!40103 SET @OLD_TIME_ZONE=@@TIME_ZONE */;
/*!40103 SET TIME_ZONE='+00:00' */;
/*!40014 SET @OLD_UNIQUE_CHECKS=@@UNIQUE_CHECKS, UNIQUE_CHECKS=0 */;
/*!40014 SET @OLD_FOREIGN_KEY_CHECKS=@@FOREIGN_KEY_CHECKS, FOREIGN_KEY_CHECKS=0 */;
/*!40101 SET @OLD_SQL_MODE=@@SQL_MODE, SQL_MODE='NO_AUTO_VALUE_ON_ZERO' */;
/*!40111 SET @OLD_SQL_NOTES=@@SQL_NOTES, SQL_NOTES=0 */;

--
-- Table structure for table `ok3w_adgroup`
--
use ok3w;
DROP TABLE IF EXISTS `ok3w_adgroup`;
/*!40101 SET @saved_cs_client     = @@character_set_client */;
/*!40101 SET character_set_client = utf8 */;
CREATE TABLE `ok3w_adgroup` (
  `GroupId` int(11) DEFAULT NULL,
  `GroupName` varchar(50) DEFAULT NULL,
  `GroupFlag` varchar(255) DEFAULT NULL,
  `GroupOrder` int(11) DEFAULT NULL
) ENGINE=InnoDB DEFAULT CHARSET=utf8;
/*!40101 SET character_set_client = @saved_cs_client */;

--
-- Dumping data for table `ok3w_adgroup`
--

LOCK TABLES `ok3w_adgroup` WRITE;
/*!40000 ALTER TABLE `ok3w_adgroup` DISABLE KEYS */;
INSERT INTO `ok3w_adgroup` VALUES (4,'adminstrator','Sysmanage,Channelmanage,Channel3,Channel1,Channel2,Channel4,Channel5,Usermanage,Guestmanage,Jobmanage,Votemanage,Filemanage,Logmanage,eWebmanage',0),(4,'adminstrator','Sysmanage,Channelmanage,Channel3,Channel1,Channel2,Channel4,Channel5,Usermanage,Guestmanage,Jobmanage,Votemanage,Filemanage,Logmanage,eWebmanage',0);
/*!40000 ALTER TABLE `ok3w_adgroup` ENABLE KEYS */;
UNLOCK TABLES;

--
-- Table structure for table `ok3w_admin`
--

DROP TABLE IF EXISTS `ok3w_admin`;
/*!40101 SET @saved_cs_client     = @@character_set_client */;
/*!40101 SET character_set_client = utf8 */;
CREATE TABLE `ok3w_admin` (
  `AdminId` int(11) NOT NULL AUTO_INCREMENT,
  `AdminName` varchar(50) DEFAULT NULL,
  `AdminPwd` varchar(50) DEFAULT NULL,
  `GroupId` int(11) DEFAULT NULL,
  `AdminLock` tinyint(4) DEFAULT NULL,
  `errorTimes` int(11) NOT NULL DEFAULT '0',
  `loginDate` timestamp NOT NULL DEFAULT '0000-00-00 00:00:00' ON UPDATE CURRENT_TIMESTAMP,
  PRIMARY KEY (`AdminId`)
) ENGINE=InnoDB AUTO_INCREMENT=17 DEFAULT CHARSET=utf8;
/*!40101 SET character_set_client = @saved_cs_client */;

--
-- Dumping data for table `ok3w_admin`
--

LOCK TABLES `ok3w_admin` WRITE;
/*!40000 ALTER TABLE `ok3w_admin` DISABLE KEYS */;
INSERT INTO `ok3w_admin` VALUES (15,'1','C4CA4238A0B923820DCC509A6F75849B',4,0,0,'2017-07-02 16:00:00'),(16,'admin','21232F297A57A5A743894A0E4A801FC3',4,0,0,'2017-06-21 16:00:00');
/*!40000 ALTER TABLE `ok3w_admin` ENABLE KEYS */;
UNLOCK TABLES;

--
-- Table structure for table `ok3w_article`
--

DROP TABLE IF EXISTS `ok3w_article`;
/*!40101 SET @saved_cs_client     = @@character_set_client */;
/*!40101 SET character_set_client = utf8 */;
CREATE TABLE `ok3w_article` (
  `ID` int(11) unsigned NOT NULL AUTO_INCREMENT,
  `ChannelID` int(11) DEFAULT NULL,
  `ClassID` int(11) NOT NULL DEFAULT '0',
  `SortPath` varchar(50) NOT NULL DEFAULT '',
  `Title` varchar(255) NOT NULL,
  `Content` longtext NOT NULL,
  `Author` varchar(50) DEFAULT NULL,
  `ComeFrom` varchar(50) DEFAULT NULL,
  `AddTime` datetime NOT NULL,
  `Inputer` varchar(50) DEFAULT NULL,
  `IsPic` int(11) NOT NULL DEFAULT '0',
  `PicFile` varchar(255) DEFAULT NULL,
  `IsPass` int(11) NOT NULL DEFAULT '1',
  `IsTop` int(11) NOT NULL DEFAULT '0',
  `IsDelete` int(11) NOT NULL DEFAULT '0',
  `IsCommend` int(11) NOT NULL DEFAULT '0',
  `IsMove` int(11) NOT NULL DEFAULT '0',
  `IsPlay` int(11) NOT NULL DEFAULT '0',
  `Hits` int(11) NOT NULL DEFAULT '0',
  PRIMARY KEY (`ID`),
  KEY `ID` (`ID`),
  KEY `ClassID` (`ClassID`),
  CONSTRAINT `ok3w_article_ibfk_1` FOREIGN KEY (`ClassID`) REFERENCES `ok3w_class` (`ID`)
) ENGINE=InnoDB AUTO_INCREMENT=87 DEFAULT CHARSET=utf8;
/*!40101 SET character_set_client = @saved_cs_client */;

--
-- Dumping data for table `ok3w_article`
--

LOCK TABLES `ok3w_article` WRITE;
/*!40000 ALTER TABLE `ok3w_article` DISABLE KEYS */;
INSERT INTO `ok3w_article` VALUES (7,1,61,'0,60,61,','如何用ASP生成HTML静态页面','<p>&lt;%<br />\r\n&#39;****************************************<br />\r\n&#39;作者：zhengbi<br />\r\n&#39;主页：<a href=\"http://www.glzy8.com/ok3w/\">http://www.glzy8.com/ok3w/</a><br />\r\n&#39;QQ：124895502<br />\r\n&#39;<br />\r\n&#39;FilePath：生成静态页的文件名<br />\r\n&#39;Do_Url：需要生成静态页的ASP文件<br />\r\n&#39;****************************************</p>\r\n\r\n<p>Private Sub CreateHtmlPage(FilePath,Do_Url)<br />\r\n&nbsp;&nbsp;&nbsp;&nbsp;&nbsp;&nbsp;&nbsp; FilePath=server.mappath(FilePath)<br />\r\n&nbsp;&nbsp;&nbsp;&nbsp;&nbsp;&nbsp;&nbsp; Dim objXmlHttp<br />\r\n&nbsp;&nbsp;&nbsp;&nbsp;&nbsp;&nbsp;&nbsp; Set objXmlHttp=Server.createObject(&quot;Microsoft.XMLHTTP&quot;)<br />\r\n&nbsp;&nbsp;&nbsp;&nbsp;&nbsp;&nbsp;&nbsp; objXmlHttp.open &quot;GET&quot;,Do_Url,false<br />\r\n&nbsp;&nbsp;&nbsp;&nbsp;&nbsp;&nbsp;&nbsp; objXmlHttp.send()<br />\r\n&nbsp;&nbsp;&nbsp;&nbsp;&nbsp;&nbsp;&nbsp; Dim binFileData<br />\r\n&nbsp;&nbsp;&nbsp;&nbsp;&nbsp;&nbsp;&nbsp; binFileData=objXmlHttp.responseBody<br />\r\n&nbsp;&nbsp;&nbsp;&nbsp;&nbsp;&nbsp;&nbsp; Set objXmlHttp=Nothing<br />\r\n&nbsp;&nbsp;&nbsp;&nbsp;&nbsp;&nbsp;&nbsp; Dim objAdoStream<br />\r\n&nbsp;&nbsp;&nbsp;&nbsp;&nbsp;&nbsp;&nbsp; Set objAdoStream=Server.createObject(&quot;ADODB.Stream&quot;)<br />\r\n&nbsp;&nbsp;&nbsp;&nbsp;&nbsp;&nbsp;&nbsp; objAdoStream.Type=1<br />\r\n&nbsp;&nbsp;&nbsp;&nbsp;&nbsp;&nbsp;&nbsp; objAdoStream.Open()<br />\r\n&nbsp;&nbsp;&nbsp;&nbsp;&nbsp;&nbsp;&nbsp; objAdoStream.Write(binFileData)<br />\r\n&nbsp;&nbsp;&nbsp;&nbsp;&nbsp;&nbsp;&nbsp; objAdoStream.SaveToFile FilePath,2<br />\r\n&nbsp;&nbsp;&nbsp;&nbsp;&nbsp;&nbsp;&nbsp; objAdoStream.Close()<br />\r\n&nbsp;&nbsp;&nbsp;&nbsp;&nbsp;&nbsp;&nbsp;&nbsp;Set objAdoStream=nothing<br />\r\nEnd Sub<br />\r\n%&gt;</p>\r\n\r\n<p>&lt;%<br />\r\n&#39;*********************************************<br />\r\n&#39;以本站为例，把首页文件index.asp生成index.html<br />\r\n&#39;*********************************************<br />\r\nFilePath=&quot;index.html&quot;<br />\r\nDo_Url=&quot;http://www.glzy8.com/ok3w/index.asp&quot;</p>\r\n\r\n<p>Call&nbsp; CreateHtmlPage(FilePath,Do_Url)<br />\r\nResponse.Write(&quot;生成成功&quot;)<br />\r\n%&gt;</p>\r\n','zhengbi','Ok3w建站系统','2008-08-20 01:02:31',NULL,0,'',1,0,0,0,0,0,5),(8,1,61,'0,60,61,','Adodb.Stream使用说明','<P><FONT face=Verdana>Adodb.Stream是ADO的Stream对象,提供存取二进制数据或者文本流,从而实现对流的读、写和管理等操作。&nbsp; </FONT></P>\r\n<P><FONT face=Verdana>有下列方法：&nbsp;&nbsp; <BR>Cancel 方法&nbsp;&nbsp; <BR>使用方法如下&nbsp;&nbsp; <BR>Object.Cancel&nbsp;&nbsp; <BR>说明：取消执行挂起的异步 Execute 或 Open 方法的调用。&nbsp;&nbsp; <BR>Close 方法&nbsp;&nbsp; <BR>使用方法如下&nbsp;&nbsp; <BR>Object.Close&nbsp;&nbsp; <BR>说明：关闭对像&nbsp;&nbsp; <BR>CopyTo 方法&nbsp;&nbsp; <BR>使用方法如下&nbsp;&nbsp; <BR>Object.CopyTo(destStream,[CharNumber])&nbsp;&nbsp; <BR>说明：将对像的数据复制，destStream指向要复制的对像，CharNumber为可选参数，指要复制的字节数，不选为全部复制。&nbsp;&nbsp; <BR>Flush 方法&nbsp;&nbsp; <BR>使用方法如下&nbsp;&nbsp; <BR>Object.Flush&nbsp;&nbsp; <BR>说明：&nbsp;&nbsp; <BR>LoadFromFile 方法&nbsp;&nbsp; <BR>使用方法如下&nbsp;&nbsp; <BR>Object.LoadFromFile(FileName)&nbsp;&nbsp; <BR>说明:将FileName指定的文件装入对像中,参数FileName为指定的用户名。&nbsp;&nbsp; <BR>Open 方法&nbsp;&nbsp;&nbsp; <BR>使用方法如下&nbsp;&nbsp; <BR>Object.Open(Source,[Mode],[Options],[UserName],[Password])&nbsp;&nbsp; <BR>说明：打开对像，&nbsp;&nbsp; <BR>参数说明：Sourece 对像源，可不指定&nbsp;&nbsp; <BR>Mode 指定打开模式，可不指定，可选参数如下：&nbsp;&nbsp; <BR>adModeRead =1&nbsp;&nbsp; <BR>adModeReadWrite =3&nbsp;&nbsp; <BR>adModeRecursive =4194304&nbsp;&nbsp; <BR>adModeShareDenyNone =16&nbsp;&nbsp; <BR>adModeShareDenyRead =4&nbsp;&nbsp; <BR>adModeShareDenyWrite =8&nbsp;&nbsp; <BR>adModeShareExclusive =12&nbsp;&nbsp; <BR>adModeUnknown =0&nbsp;&nbsp; <BR>adModeWrite =2&nbsp;&nbsp; <BR>Options 指定打开的选项，可不指定，可选参数如下：&nbsp;&nbsp; <BR>adOpenStreamAsync =1&nbsp;&nbsp; <BR>adOpenStreamFromRecord =4&nbsp;&nbsp; <BR>adOpenStreamUnspecified=-1&nbsp;&nbsp; <BR>UserName 指定用户名，可不指定。&nbsp;&nbsp; <BR>Password 指定用户名的密码&nbsp;&nbsp; <BR>Read 方法&nbsp;&nbsp; <BR>使用方法如下：&nbsp;&nbsp; <BR>Object.Read(Numbytes)&nbsp;&nbsp; <BR>说明：读取指定长度的二进制内容。&nbsp;&nbsp; <BR>参数说明：Numbytes指定的要读取的找度，不指定则读取全部。 ReadText 方法&nbsp;&nbsp;&nbsp; <BR>使用方法如下：&nbsp;&nbsp; <BR>Object.ReadText(NumChars)&nbsp;&nbsp; <BR>说明：读取指定长度的文本&nbsp;&nbsp; <BR>参数说明：NumChars指定的要读取的找度，不指定则读取全部。&nbsp;&nbsp; </FONT></P>\r\n<P><FONT face=Verdana>SaveToFile 方法&nbsp;&nbsp;&nbsp; <BR>使用方法如下：&nbsp;&nbsp; <BR>Object.SaveToFile(FileName,[Options])&nbsp;&nbsp; <BR>说明：将对像的内容写到FileName指定的文件中&nbsp;&nbsp; <BR>参数说明：FileName指定的文件&nbsp;&nbsp; <BR>Options 存取的选项，可不指定，可选参数如下：&nbsp;&nbsp; <BR>adSaveCreateNotExist =1&nbsp;&nbsp; <BR>adSaveCreateOverWrite =2&nbsp;&nbsp; </FONT></P>\r\n<P><FONT face=Verdana>SetEOS 方法&nbsp;&nbsp; <BR>使用方法如下：&nbsp;&nbsp; <BR>Object.setEOS()&nbsp;&nbsp; <BR>说明：&nbsp;&nbsp; <BR>SkipLine 方法&nbsp;&nbsp; <BR>使用方法如下：&nbsp;&nbsp; <BR>Object.SkipLine()&nbsp;&nbsp; <BR>说明：&nbsp;&nbsp; <BR>Write 方法&nbsp;&nbsp; <BR>使用方法如下：&nbsp;&nbsp; <BR>Object.Write(Buffer)&nbsp;&nbsp; <BR>说明：将指定的数据装入对像中。&nbsp;&nbsp; <BR>参数说明：Buffer 为指定的要写入的内容。&nbsp;&nbsp; <BR>WriteText 方法&nbsp;&nbsp; <BR>使用方法如下：&nbsp;&nbsp; <BR>Object.Write(Data,[Options])&nbsp;&nbsp; <BR>说明：将指定的文本数据装入对像中。&nbsp;&nbsp; <BR>参数说明：Data 为指定的要写入的内容。&nbsp;&nbsp; <BR>Options 写入的选项，可不指定，可选参数如下：&nbsp;&nbsp; <BR>adWriteChar =0&nbsp;&nbsp; <BR>adWriteLine =1&nbsp;&nbsp; </FONT></P>\r\n<P><FONT face=Verdana>有下列属性：&nbsp;&nbsp; <BR>Charset&nbsp;&nbsp;&nbsp; <BR>EOS 返回对像内数据是否为空。&nbsp;&nbsp; </FONT></P>\r\n<P><FONT face=Verdana>LineSeparator 指定换行格式，可选参数有&nbsp;&nbsp; <BR>adCR =13&nbsp;&nbsp; <BR>adCRLF =-1&nbsp;&nbsp; <BR>adLF =10&nbsp;&nbsp; </FONT></P>\r\n<P><FONT face=Verdana>Mode 指定或返加模式。&nbsp;&nbsp; </FONT></P>\r\n<P><FONT face=Verdana>Position 指定或返加对像内数据的当前指针。&nbsp;&nbsp; </FONT></P>\r\n<P><FONT face=Verdana>Size 返回对像内数据的大小。&nbsp;&nbsp; </FONT></P>\r\n<P><FONT face=Verdana>State 返加对像状态是否打开。&nbsp;&nbsp; </FONT></P>\r\n<P><FONT face=Verdana>Type 指定或返回的数据类型，可选参数为：&nbsp;&nbsp; <BR>adTypeBinary =1&nbsp;&nbsp; <BR>adTypeText =2 </FONT></P>','Ok3w建站系统','Ok3w建站系统','2008-08-20 01:11:20','1',0,'',1,0,0,0,0,0,1),(9,1,61,'0,60,61,','ASP下载文件（不需要FSO）','<p>&lt;%11<br />\r\n&#39;****************************************<br />\r\n&#39;作者：zhengbi<br />\r\n&#39;主页：<a href=\"http://www.glzy8.com/ok3w/\">http://www.glzy8.com/ok3w/</a><br />\r\n&#39;QQ：124895502<br />\r\n&#39;****************************************</p>\r\n\r\n<p>Private Sub FileDownLoad(fname)<br />\r\n&nbsp;&nbsp;&nbsp;&nbsp;&nbsp;&nbsp;&nbsp; pathtype = &quot;application/x-msdownload&quot;&nbsp;&nbsp;<br />\r\n&nbsp;&nbsp;&nbsp;&nbsp;&nbsp;&nbsp;&nbsp; fname = server.MapPath(fname)&nbsp;<br />\r\n&nbsp;&nbsp;&nbsp;&nbsp;&nbsp;&nbsp;&nbsp; filename=split(fname,&quot;\\&quot;)&nbsp;<br />\r\n&nbsp;&nbsp;&nbsp;<br />\r\n&nbsp;&nbsp;&nbsp;&nbsp;&nbsp;&nbsp;&nbsp; set objAdoStream=Server.createObject(&quot;ADODB.Stream&quot;)&nbsp;<br />\r\n&nbsp;&nbsp;&nbsp;&nbsp;&nbsp;&nbsp;&nbsp; objAdoStream.Type=1&nbsp;<br />\r\n&nbsp;&nbsp;&nbsp;&nbsp;&nbsp;&nbsp;&nbsp; objAdoStream.open()&nbsp;<br />\r\n&nbsp;&nbsp;&nbsp;&nbsp;&nbsp;&nbsp;&nbsp; objAdoStream.LoadFromFile(fname)&nbsp;<br />\r\n&nbsp;&nbsp;&nbsp;&nbsp;&nbsp;&nbsp;&nbsp; strchar=objAdoStream.Read()&nbsp;<br />\r\n&nbsp;&nbsp;&nbsp;&nbsp;&nbsp;&nbsp;&nbsp; fsize=objAdoStream.size&nbsp;<br />\r\n&nbsp;&nbsp;&nbsp;&nbsp;&nbsp;&nbsp;&nbsp; objAdoStream.Close()&nbsp;<br />\r\n&nbsp;&nbsp;&nbsp;&nbsp;&nbsp;&nbsp;&nbsp; set objAdoStream=nothing&nbsp;&nbsp;&nbsp;<br />\r\n&nbsp;&nbsp;&nbsp;<br />\r\n&nbsp;&nbsp;&nbsp;&nbsp;&nbsp;&nbsp;&nbsp; Response.AddHeader &quot;content-type&quot;, pathtype&nbsp;&nbsp;<br />\r\n&nbsp;&nbsp;&nbsp;&nbsp;&nbsp;&nbsp;&nbsp; Response..AddHeader &quot;Content-Disposition&quot;,&quot;attachment;filename=&quot; &amp; filename(ubound(filename))&nbsp;<br />\r\n&nbsp;&nbsp;&nbsp;&nbsp;&nbsp;&nbsp;&nbsp; Response.AddHeader &quot;content-length&quot;, fsize&nbsp;&nbsp;<br />\r\n&nbsp;&nbsp;<br />\r\n&nbsp;&nbsp;&nbsp;&nbsp;&nbsp;&nbsp;&nbsp; Response.BinaryWrite(strchar)&nbsp;<br />\r\n&nbsp;&nbsp;&nbsp;&nbsp;&nbsp;&nbsp;&nbsp; Response.Flush()<br />\r\nEnd sub<br />\r\n%&gt;</p>\r\n\r\n<p><br />\r\n&lt;%<br />\r\n&#39;=======调用示例=========<br />\r\nCall FileDownLoad(&quot;test.jpg&quot;)<br />\r\n%&gt;</p>\r\n','zhengbi','Ok3w建站系统','2008-08-21 22:40:44',NULL,0,'',1,0,0,0,0,0,0),(10,1,61,'0,60,61,','广告轮播组件AdRotator使用示例','<P><FONT face=Verdana>&lt;% <BR>\'****************************************<BR>\'作者：zhengbi<BR>\'主页：http://www.glzy8.com/ok3w/<BR>\'QQ：124895502<BR>\'<BR>\'文件名：ad.asp<BR>\'****************************************<BR>&nbsp; <BR>Set Ad = Server.CreateObject(\"MSWC.AdRotator\")&nbsp;&nbsp; <BR>\'Border指定广告边框的大小&nbsp;&nbsp; <BR>\'Clickable指定广告是否为超链接。&nbsp;&nbsp; <BR>\'TargetFrame 指定显示广告的框架的名称&nbsp;&nbsp; <BR>ad.TargetFrame =\"_blank\"</FONT></P>\r\n<P><FONT face=Verdana>Call Ad.GetAdvertisement(\"adrot.txt\")<BR>%&gt;</FONT></P>\r\n<P><FONT face=Verdana>下面，再制作两个文件：adrot.txt和gotoAd.asp</FONT></P>\r\n<P><FONT face=Verdana>===========adrot.txt===========</FONT></P>\r\n<P><FONT face=Verdana>Redirect gotoAd.asp<BR>width 510&nbsp;&nbsp; <BR>height 200&nbsp;&nbsp; <BR>border 0&nbsp;&nbsp; <BR>*&nbsp;&nbsp; <BR>广告图片1&nbsp;&nbsp; <BR>广告跳转连接1&nbsp;&nbsp; <BR>广告说明1&nbsp;&nbsp; <BR>显示比例1&nbsp;&nbsp; <BR>广告图片2&nbsp;&nbsp; <BR>广告跳转连接2&nbsp;&nbsp; <BR>广告说明2&nbsp;&nbsp; <BR>显示比例2&nbsp;&nbsp; <BR>广告图片3&nbsp;&nbsp; <BR>广告跳转连接3&nbsp;&nbsp; <BR>广告说明3&nbsp;&nbsp; <BR>显示比例3&nbsp; </FONT></P>\r\n<P><FONT face=Verdana>============gotoAd.asp============</FONT></P>\r\n<P><FONT face=Verdana>&lt;%&nbsp;&nbsp; <BR>&nbsp;Response.Redirect(Trim(Request.QueryString(\"url\")))&nbsp;&nbsp; <BR>%&gt; </FONT></P>','zhengbi','Ok3w建站系统','2008-08-21 22:41:49','1',0,'',1,0,0,0,0,0,0),(11,1,61,'0,60,61,','ASP生成Wrod、Excel文件示例 ','<P><FONT face=Verdana>&lt;% <BR>\'****************************************<BR>\'作者：zhengbi<BR>\'主页：http://www.glzy8.com/ok3w/<BR>\'QQ：124895502<BR>\'**************************************** </FONT></P>\r\n<P><FONT face=Verdana>\'保存文件名<BR>filename=\"test.doc\" <BR>\'filename=\"test.xls\" <BR>\'添加文件头<BR>Response.ContentType = \"application/msword\" <BR>\'Response.ContentType = \"application/msexcel\" <BR>Response.AddHeader \"content-disposition\", \"inline; filename=\" &amp; filename <BR>%&gt; <BR>&lt;head&gt; <BR>&lt;meta http-equiv=\"Content-Type\" content=\"text/html; charset=gb2312\" /&gt; <BR>&lt;title&gt;ASP生成Wrod、Excel文件示例&lt;/title&gt; <BR>&lt;/head&gt; <BR>&lt;body&gt; <BR>&lt;table width=\"600\" border=\"0\" align=\"center\" cellpadding=\"5\" cellspacing=\"0\"&gt; <BR>&nbsp; &lt;tr&gt; <BR>&nbsp;&nbsp;&nbsp; &lt;td bgcolor=\"#CCCCCC\"&gt;学号&lt;/td&gt; <BR>&nbsp;&nbsp;&nbsp; &lt;td bgcolor=\"#CCCCCC\"&gt;姓名&lt;/td&gt; <BR>&nbsp;&nbsp;&nbsp; &lt;td bgcolor=\"#CCCCCC\"&gt;姓别&lt;/td&gt; <BR>&nbsp;&nbsp;&nbsp; &lt;td bgcolor=\"#CCCCCC\"&gt;出生年月&lt;/td&gt; <BR>&nbsp; &lt;/tr&gt; <BR>&nbsp; &lt;tr&gt; <BR>&nbsp;&nbsp;&nbsp; &lt;td&gt;111&lt;/td&gt; <BR>&nbsp;&nbsp;&nbsp; &lt;td&gt;aaa&lt;/td&gt; <BR>&nbsp;&nbsp;&nbsp; &lt;td&gt;true&lt;/td&gt; <BR>&nbsp;&nbsp;&nbsp; &lt;td&gt;1983-10-10&lt;/td&gt; <BR>&nbsp; &lt;/tr&gt; <BR>&nbsp; &lt;tr&gt; <BR>&nbsp;&nbsp;&nbsp; &lt;td&gt;222&lt;/td&gt; <BR>&nbsp;&nbsp;&nbsp; &lt;td&gt;aaa&lt;/td&gt; <BR>&nbsp;&nbsp;&nbsp; &lt;td&gt;false&lt;/td&gt; <BR>&nbsp;&nbsp;&nbsp; &lt;td&gt;1983-10-10&lt;/td&gt; <BR>&nbsp; &lt;/tr&gt; <BR>&nbsp; &lt;tr&gt; <BR>&nbsp;&nbsp;&nbsp; &lt;td&gt;333&lt;/td&gt; <BR>&nbsp;&nbsp;&nbsp; &lt;td&gt;aaa&lt;/td&gt; <BR>&nbsp;&nbsp;&nbsp; &lt;td&gt;false&lt;/td&gt; <BR>&nbsp;&nbsp;&nbsp; &lt;td&gt;1983-10-10&lt;/td&gt; <BR>&nbsp; &lt;/tr&gt; <BR>&nbsp; &lt;tr&gt; <BR>&nbsp;&nbsp;&nbsp; &lt;td&gt;444&lt;/td&gt; <BR>&nbsp;&nbsp;&nbsp; &lt;td&gt;aaa&lt;/td&gt; <BR>&nbsp;&nbsp;&nbsp; &lt;td&gt;true&lt;/td&gt; <BR>&nbsp;&nbsp;&nbsp; &lt;td&gt;1983-10-10&lt;/td&gt; <BR>&nbsp; &lt;/tr&gt; <BR>&lt;/table&gt; <BR>&lt;/body&gt; <BR>&lt;/html&gt;</FONT></P>','Ok3w建站系统','Ok3w建站系统','2008-08-21 22:43:23','1',0,'',1,0,0,0,0,0,0),(12,1,61,'0,60,61,','ASP使用JMail发送邮件示例','<P><FONT face=Verdana>&lt;%<BR>\'****************************************<BR>\'作者：zhengbi<BR>\'主页：<A href=\"http://www.glzy8.com/ok3w/\">http://www.glzy8.com/ok3w/</A><BR>\'QQ：124895502<BR>\'****************************************<BR></FONT><FONT face=Verdana>Function JmailSend(toemail,Subject,Body)<BR>&nbsp;&nbsp;&nbsp;&nbsp;&nbsp;&nbsp; On Error Resume Next<BR>&nbsp;<BR>&nbsp;&nbsp;&nbsp;&nbsp;&nbsp;&nbsp; Dim JMail, contentId&nbsp;&nbsp;<BR>&nbsp;&nbsp;&nbsp;&nbsp;&nbsp;&nbsp; Set JMail = Server.CreateObject(\"JMail.Message\")&nbsp;&nbsp;&nbsp;<BR>&nbsp;<BR>&nbsp;&nbsp;&nbsp;&nbsp;&nbsp;&nbsp; JMail.Charset = \"gb2312\"&nbsp;&nbsp;&nbsp;&nbsp;&nbsp;&nbsp;&nbsp; &nbsp;&nbsp;\' 邮件字符集，默认为\"US-ASCII\"&nbsp;&nbsp;<BR>&nbsp;&nbsp;&nbsp;&nbsp;&nbsp;&nbsp; \'JMail.ISOEncodeHeaders = False&nbsp;&nbsp;&nbsp; &nbsp;&nbsp;\' 是否进行ISO编码，默认为True&nbsp;&nbsp;<BR>&nbsp;<BR>&nbsp;&nbsp;&nbsp;&nbsp;&nbsp;&nbsp; JMail.From = \"myemail@163.com\"&nbsp;&nbsp; &nbsp;\'发送者地址&nbsp;&nbsp;<BR>&nbsp;&nbsp;&nbsp;&nbsp;&nbsp;&nbsp; JMail.FromName = \"myemail@163.com\"&nbsp;&nbsp;&nbsp; &nbsp;\'发送者姓名&nbsp;&nbsp;<BR>&nbsp;&nbsp;&nbsp;&nbsp;&nbsp;&nbsp; JMail.Subject = Subject&nbsp;&nbsp;&nbsp;&nbsp;&nbsp; &nbsp;&nbsp;&nbsp;\'邮件主题&nbsp;&nbsp;<BR>&nbsp;<BR>&nbsp;&nbsp;&nbsp;&nbsp;&nbsp;&nbsp; JMail.MailServerUserName = \"myemail\"&nbsp;&nbsp;\'身份验证的用户名&nbsp;&nbsp;<BR>&nbsp;&nbsp;&nbsp;&nbsp;&nbsp;&nbsp; JMail.MailServerPassword = \"mypass\"&nbsp;&nbsp;&nbsp; &nbsp;\'身份验证的密码&nbsp;&nbsp;<BR>&nbsp;<BR>&nbsp;&nbsp;&nbsp;&nbsp;&nbsp;&nbsp; \'设置优先级，范围从1到5，越大的优先级越高，3为普通&nbsp;&nbsp;<BR>&nbsp;&nbsp;&nbsp;&nbsp;&nbsp;&nbsp; JMail.Priority = 3&nbsp;&nbsp;<BR>&nbsp;<BR>&nbsp;&nbsp;&nbsp;&nbsp;&nbsp;&nbsp; JMail.ContentType = \"text/html\"&nbsp;&nbsp;<BR>&nbsp;<BR>&nbsp;&nbsp;&nbsp;&nbsp;&nbsp;&nbsp; \'JMail.AddHeader \"Originating-IP\", Request.ServerVariables(\"REMOTE_ADDR\")&nbsp;&nbsp;<BR>&nbsp;<BR>&nbsp;&nbsp;&nbsp;&nbsp;&nbsp;&nbsp; \' 加入一个收件人【变量email：收件人地址】可以同一语句重复加入多个<BR>&nbsp;&nbsp;&nbsp;&nbsp;&nbsp;&nbsp; emailTmp = Split(toemail,\"|\")\'如果是多个收件人，请用|分隔<BR>&nbsp;&nbsp;&nbsp;&nbsp;&nbsp;&nbsp; For i=0 To Ubound(emailTmp)<BR>&nbsp;&nbsp;&nbsp;&nbsp;&nbsp;&nbsp;&nbsp;&nbsp;&nbsp;&nbsp;&nbsp;&nbsp;&nbsp; JMail.AddRecipient(emailTmp(i))<BR>&nbsp;&nbsp;&nbsp;&nbsp;&nbsp;&nbsp; Next&nbsp;<BR>&nbsp;<BR>&nbsp;&nbsp;&nbsp;&nbsp;&nbsp;&nbsp; \'加入附件【变量filename：附件文件的绝对地址，确保用户IUSR_????有访问的权限】&nbsp;&nbsp;<BR>&nbsp;&nbsp;&nbsp;&nbsp;&nbsp;&nbsp; \'【参数设置是(True)否(False)为Inline方式】&nbsp;&nbsp;<BR>&nbsp;&nbsp;&nbsp;&nbsp;&nbsp;&nbsp; \'contentId = JMail.AddAttachment (filename, True)&nbsp;&nbsp;<BR>&nbsp;<BR>&nbsp;&nbsp;&nbsp;&nbsp;&nbsp;&nbsp; \'邮件主体（文本部分）&nbsp;&nbsp;<BR>&nbsp;&nbsp;&nbsp;&nbsp;&nbsp;&nbsp; JMail.Body = Body<BR>&nbsp;<BR>&nbsp;&nbsp;&nbsp;&nbsp;&nbsp;&nbsp; \' 发送【调用格式：objJMail.Send([username:password@]SMTPServerAddress[:Port])】&nbsp;&nbsp;<BR>&nbsp;&nbsp;&nbsp;&nbsp;&nbsp;&nbsp; JMail.Send(\"mail.k989.com\")<BR>&nbsp;<BR>&nbsp;&nbsp;&nbsp;&nbsp;&nbsp;&nbsp; \'关闭并清除对象&nbsp;&nbsp;<BR>&nbsp;&nbsp;&nbsp;&nbsp;&nbsp;&nbsp; JMail.Close()&nbsp;&nbsp;<BR>&nbsp;&nbsp;&nbsp;&nbsp;&nbsp;&nbsp; Set JMail = Nothing<BR><BR>&nbsp;&nbsp;&nbsp;&nbsp;&nbsp;&nbsp; If Err.Number Then<BR>&nbsp;&nbsp;&nbsp;&nbsp;&nbsp;&nbsp;&nbsp;&nbsp;&nbsp;&nbsp;&nbsp;&nbsp;&nbsp; Err.Clear<BR>&nbsp;&nbsp;&nbsp;&nbsp;&nbsp;&nbsp;&nbsp;&nbsp;&nbsp;&nbsp;&nbsp;&nbsp;&nbsp; JmailSend = False<BR>&nbsp;&nbsp;&nbsp;&nbsp;&nbsp;&nbsp;&nbsp;&nbsp;&nbsp;&nbsp;&nbsp;&nbsp;&nbsp; Else<BR>&nbsp;&nbsp;&nbsp;&nbsp;&nbsp;&nbsp;&nbsp;&nbsp;&nbsp;&nbsp;&nbsp;&nbsp;&nbsp;&nbsp;&nbsp;&nbsp;&nbsp;&nbsp;&nbsp;&nbsp; JmailSend = True<BR>&nbsp;&nbsp;&nbsp;&nbsp;&nbsp;&nbsp; End If<BR>End Function&nbsp;<BR>%&gt;</FONT></P>\r\n<P><FONT face=Verdana>&lt;%<BR>\'=============调用示例==============<BR>toemail = \"email001@163.com|email002@163.com|email003@163.com\"<BR>Subject = \"test\"<BR>Body = \"My name is zhengbi\"</FONT></P>\r\n<P><FONT face=Verdana>If JmailSend(toemail,Subject,Body) Then<BR>&nbsp;&nbsp;&nbsp;&nbsp;&nbsp;&nbsp; Response.Write(\"发送成功\")<BR>&nbsp;&nbsp;&nbsp;&nbsp;&nbsp;&nbsp; Else<BR>&nbsp;&nbsp;&nbsp;&nbsp;&nbsp;&nbsp;&nbsp;&nbsp;&nbsp;&nbsp;&nbsp;&nbsp;&nbsp; Response.Write(\"发送失败\")<BR>End If<BR>%&gt;</FONT></P>','zhengbi','Ok3w建站系统','2008-08-21 22:44:17','1',0,'',1,0,0,0,0,0,5),(13,1,61,'0,60,61,','ASP分页类','<P>该ASP分页类只是对ASP传统分页进行封装，使其分页操作更加简化，下面是代码：&nbsp; <BR><BR>==========Pager.asp================================= <BR>&lt;%&nbsp; <BR>\'--------------------------------------------------------------------&nbsp; <BR>\'名称：ASP分页类&nbsp;v2009&nbsp; <BR>\'&nbsp; <BR>\'作者：<A href=\"http://www.glzy8.com/\" target=_blank>zhengbi</A>（QQ：124895502&nbsp;Email:zhengbi888@yahoo.com.cn）&nbsp; <BR>\'&nbsp; <BR>\'仅供参考，你可以任意修改、传播；如果你对它进行了改良，希望你能给我一个&nbsp; <BR>\'副本，谢谢。&nbsp; <BR>\'--------------------------------------------------------------------&nbsp; <BR>Class&nbsp;TurnPage&nbsp; <BR>&nbsp;&nbsp;&nbsp;&nbsp;Dim&nbsp;sPageNo,sPageSize,sPageCount,sRecordCount,sAbsoluteRecord&nbsp; <BR>&nbsp;&nbsp;&nbsp;&nbsp;&nbsp; <BR>&nbsp;&nbsp;&nbsp;&nbsp;Private&nbsp;Sub&nbsp;Class_Initialize()&nbsp; <BR>&nbsp;&nbsp;&nbsp;&nbsp;&nbsp;&nbsp;&nbsp;&nbsp;sPageNo=Trim(Request.QueryString(\"PageNo\"))&nbsp; <BR>&nbsp;&nbsp;&nbsp;&nbsp;&nbsp;&nbsp;&nbsp;&nbsp;If&nbsp;sPageNo&lt;&gt;\"\"&nbsp;Then&nbsp; <BR>&nbsp;&nbsp;&nbsp;&nbsp;&nbsp;&nbsp;&nbsp;&nbsp;&nbsp;&nbsp;&nbsp;&nbsp;sPageNo&nbsp;=&nbsp;Cdbl(sPageNo)&nbsp; <BR>&nbsp;&nbsp;&nbsp;&nbsp;&nbsp;&nbsp;&nbsp;&nbsp;&nbsp;&nbsp;&nbsp;&nbsp;Else&nbsp; <BR>&nbsp;&nbsp;&nbsp;&nbsp;&nbsp;&nbsp;&nbsp;&nbsp;&nbsp;&nbsp;&nbsp;&nbsp;&nbsp;&nbsp;&nbsp;&nbsp;sPageNo&nbsp;=&nbsp;1&nbsp; <BR>&nbsp;&nbsp;&nbsp;&nbsp;&nbsp;&nbsp;&nbsp;&nbsp;End&nbsp;If&nbsp; <BR>&nbsp;&nbsp;&nbsp;&nbsp;&nbsp;&nbsp;&nbsp;&nbsp;sAbsoluteRecord&nbsp;=&nbsp;1&nbsp; <BR>&nbsp;&nbsp;&nbsp;&nbsp;End&nbsp;Sub&nbsp; <BR><BR>&nbsp;&nbsp;&nbsp;&nbsp;Public&nbsp;Sub&nbsp;GetRs(ByRef&nbsp;Conn,ByRef&nbsp;Rs,ByVal&nbsp;Sql,ByVal&nbsp;PageSize)&nbsp; <BR>&nbsp;&nbsp;&nbsp;&nbsp;&nbsp;&nbsp;&nbsp;&nbsp;Rs.Open&nbsp;Sql,Conn,1,1&nbsp; <BR>&nbsp;&nbsp;&nbsp;&nbsp;&nbsp;&nbsp;&nbsp;&nbsp;&nbsp; <BR>&nbsp;&nbsp;&nbsp;&nbsp;&nbsp;&nbsp;&nbsp;&nbsp;Rs.PageSize&nbsp;&nbsp;&nbsp;&nbsp;&nbsp;&nbsp;&nbsp;&nbsp;=&nbsp;PageSize&nbsp; <BR>&nbsp;&nbsp;&nbsp;&nbsp;&nbsp;&nbsp;&nbsp;&nbsp;sPageSize&nbsp;&nbsp;&nbsp;&nbsp;&nbsp;&nbsp;&nbsp;&nbsp;=&nbsp;Rs.PageSize&nbsp; <BR>&nbsp;&nbsp;&nbsp;&nbsp;&nbsp;&nbsp;&nbsp;&nbsp;sPageCount&nbsp;&nbsp;&nbsp;&nbsp;&nbsp;&nbsp;&nbsp;&nbsp;=&nbsp;Rs.PageCount&nbsp; <BR>&nbsp;&nbsp;&nbsp;&nbsp;&nbsp;&nbsp;&nbsp;&nbsp;sRecordCount&nbsp;&nbsp;&nbsp;&nbsp;=&nbsp;Rs.RecordCount&nbsp; <BR>&nbsp;&nbsp;&nbsp;&nbsp;&nbsp;&nbsp;&nbsp;&nbsp;&nbsp; <BR>&nbsp;&nbsp;&nbsp;&nbsp;&nbsp;&nbsp;&nbsp;&nbsp;If&nbsp;Not&nbsp;Rs.Eof&nbsp;Then&nbsp;Rs.AbsolutePage&nbsp;=&nbsp;sPageNo&nbsp; <BR>&nbsp;&nbsp;&nbsp;&nbsp;End&nbsp;Sub&nbsp; <BR>&nbsp;&nbsp;&nbsp;&nbsp;&nbsp; <BR>&nbsp;&nbsp;&nbsp;&nbsp;Public&nbsp;Function&nbsp;Eof()&nbsp; <BR>&nbsp;&nbsp;&nbsp;&nbsp;&nbsp;&nbsp;&nbsp;&nbsp;If&nbsp;sAbsoluteRecord&lt;=sPageSize&nbsp;Then&nbsp; <BR>&nbsp;&nbsp;&nbsp;&nbsp;&nbsp;&nbsp;&nbsp;&nbsp;&nbsp;&nbsp;&nbsp;&nbsp;\'sAbsoluteRecord&nbsp;=&nbsp;sAbsoluteRecord&nbsp;+&nbsp;1&nbsp; <BR>&nbsp;&nbsp;&nbsp;&nbsp;&nbsp;&nbsp;&nbsp;&nbsp;&nbsp;&nbsp;&nbsp;&nbsp;Eof&nbsp;=&nbsp;False&nbsp; <BR>&nbsp;&nbsp;&nbsp;&nbsp;&nbsp;&nbsp;&nbsp;&nbsp;&nbsp;&nbsp;&nbsp;&nbsp;Else&nbsp; <BR>&nbsp;&nbsp;&nbsp;&nbsp;&nbsp;&nbsp;&nbsp;&nbsp;&nbsp;&nbsp;&nbsp;&nbsp;&nbsp;&nbsp;&nbsp;&nbsp;Eof&nbsp;=&nbsp;True&nbsp; <BR>&nbsp;&nbsp;&nbsp;&nbsp;&nbsp;&nbsp;&nbsp;&nbsp;End&nbsp;If&nbsp; <BR>&nbsp;&nbsp;&nbsp;&nbsp;End&nbsp;Function&nbsp; <BR>&nbsp;&nbsp;&nbsp;&nbsp;&nbsp; <BR>&nbsp;&nbsp;&nbsp;&nbsp;Public&nbsp;Sub&nbsp;MoveNext()&nbsp; <BR>&nbsp;&nbsp;&nbsp;&nbsp;&nbsp;&nbsp;&nbsp;&nbsp;sAbsoluteRecord&nbsp;=&nbsp;sAbsoluteRecord&nbsp;+&nbsp;1&nbsp; <BR>&nbsp;&nbsp;&nbsp;&nbsp;End&nbsp;Sub&nbsp; <BR>&nbsp;&nbsp;&nbsp;&nbsp;&nbsp; <BR>&nbsp;&nbsp;&nbsp;&nbsp;&nbsp; <BR>&nbsp;&nbsp;&nbsp;&nbsp;Public&nbsp;Sub&nbsp;GetPageList()&nbsp; <BR>&nbsp;&nbsp;&nbsp;&nbsp;&nbsp;&nbsp;&nbsp;&nbsp;If&nbsp;sPageCount&lt;=1&nbsp;Then&nbsp;Exit&nbsp;Sub&nbsp; <BR>&nbsp;&nbsp;&nbsp;&nbsp;&nbsp;&nbsp;&nbsp;&nbsp;&nbsp; <BR>&nbsp;&nbsp;&nbsp;&nbsp;&nbsp;&nbsp;&nbsp;&nbsp;Dim&nbsp;sURL,sTmp,sQUERY_STRING,p,n,i,a,b&nbsp; <BR>&nbsp;&nbsp;&nbsp;&nbsp;&nbsp;&nbsp;&nbsp;&nbsp;&nbsp; <BR>&nbsp;&nbsp;&nbsp;&nbsp;&nbsp;&nbsp;&nbsp;&nbsp;sURL&nbsp;=&nbsp;Request.ServerVariables(\"URL\")&nbsp; <BR>&nbsp;&nbsp;&nbsp;&nbsp;&nbsp;&nbsp;&nbsp;&nbsp;sQUERY_STRING&nbsp;=&nbsp;Request.ServerVariables(\"QUERY_STRING\")&nbsp; <BR>&nbsp;&nbsp;&nbsp;&nbsp;&nbsp;&nbsp;&nbsp;&nbsp;sTmp&nbsp;=&nbsp;Split(sURL,\"/\")&nbsp; <BR>&nbsp;&nbsp;&nbsp;&nbsp;&nbsp;&nbsp;&nbsp;&nbsp;sURL&nbsp;=&nbsp;sTmp(Ubound(sTmp))&nbsp; <BR>&nbsp;&nbsp;&nbsp;&nbsp;&nbsp;&nbsp;&nbsp;&nbsp;If&nbsp;sQUERY_STRING&nbsp;&lt;&gt;&nbsp;\"\"&nbsp;Then&nbsp;&nbsp;&nbsp;&nbsp;sQUERY_STRING=Replace(sQUERY_STRING,\"PageNo=\"&nbsp;&amp;&nbsp;sPageNo,\"\")&nbsp; <BR>&nbsp;&nbsp;&nbsp;&nbsp;&nbsp;&nbsp;&nbsp;&nbsp;If&nbsp;sQUERY_STRING&nbsp;=&nbsp;\"\"&nbsp;Then&nbsp; <BR>&nbsp;&nbsp;&nbsp;&nbsp;&nbsp;&nbsp;&nbsp;&nbsp;&nbsp;&nbsp;&nbsp;&nbsp;sURL&nbsp;=&nbsp;sURL&nbsp;&amp;&nbsp;\"?\"&nbsp; <BR>&nbsp;&nbsp;&nbsp;&nbsp;&nbsp;&nbsp;&nbsp;&nbsp;&nbsp;&nbsp;&nbsp;&nbsp;Else&nbsp; <BR>&nbsp;&nbsp;&nbsp;&nbsp;&nbsp;&nbsp;&nbsp;&nbsp;&nbsp;&nbsp;&nbsp;&nbsp;&nbsp;&nbsp;&nbsp;&nbsp;sURL&nbsp;=&nbsp;sURL&nbsp;&amp;&nbsp;\"?\"&nbsp;&amp;&nbsp;sQUERY_STRING&nbsp;&amp;&nbsp;\"&amp;\"&nbsp; <BR>&nbsp;&nbsp;&nbsp;&nbsp;&nbsp;&nbsp;&nbsp;&nbsp;End&nbsp;If&nbsp; <BR>&nbsp;&nbsp;&nbsp;&nbsp;&nbsp;&nbsp;&nbsp;&nbsp;sURL&nbsp;=&nbsp;Replace(sURL,\"&amp;&amp;\",\"&amp;\")&nbsp; <BR>&nbsp;&nbsp;&nbsp;&nbsp;&nbsp;&nbsp;&nbsp;&nbsp;&nbsp; <BR>&nbsp;&nbsp;&nbsp;&nbsp;&nbsp;&nbsp;&nbsp;&nbsp;p&nbsp;=&nbsp;sPageNo-1&nbsp; <BR>&nbsp;&nbsp;&nbsp;&nbsp;&nbsp;&nbsp;&nbsp;&nbsp;n&nbsp;=&nbsp;sPageNo+1&nbsp; <BR>&nbsp;&nbsp;&nbsp;&nbsp;&nbsp;&nbsp;&nbsp;&nbsp;If&nbsp;p&lt;1&nbsp;Then&nbsp;p&nbsp;=&nbsp;1&nbsp; <BR>&nbsp;&nbsp;&nbsp;&nbsp;&nbsp;&nbsp;&nbsp;&nbsp;If&nbsp;n&gt;sPageCount&nbsp;Then&nbsp;n&nbsp;=&nbsp;sPageCount&nbsp; <BR>&nbsp;&nbsp;&nbsp;&nbsp;&nbsp;&nbsp;&nbsp;&nbsp;&nbsp; <BR>&nbsp;&nbsp;&nbsp;&nbsp;&nbsp;&nbsp;&nbsp;&nbsp;a&nbsp;=&nbsp;sPageNo-5&nbsp; <BR>&nbsp;&nbsp;&nbsp;&nbsp;&nbsp;&nbsp;&nbsp;&nbsp;b&nbsp;=&nbsp;sPageNo+5&nbsp; <BR>&nbsp;&nbsp;&nbsp;&nbsp;&nbsp;&nbsp;&nbsp;&nbsp;If&nbsp;a&lt;1&nbsp;Then&nbsp;a&nbsp;=&nbsp;1&nbsp; <BR>&nbsp;&nbsp;&nbsp;&nbsp;&nbsp;&nbsp;&nbsp;&nbsp;If&nbsp;b&gt;sPageCount&nbsp;Then&nbsp;b&nbsp;=&nbsp;sPageCount&nbsp; <BR>&nbsp;&nbsp;&nbsp;&nbsp;&nbsp;&nbsp;&nbsp;&nbsp;&nbsp;&nbsp;&nbsp;&nbsp;&nbsp;&nbsp;&nbsp;&nbsp;&nbsp; <BR>&nbsp;&nbsp;&nbsp;&nbsp;&nbsp;&nbsp;&nbsp;&nbsp;Response.Write(\"&lt;div&nbsp;class=\"\"page_nav\"\"&gt;\")&nbsp; <BR>&nbsp;&nbsp;&nbsp;&nbsp;&nbsp;&nbsp;&nbsp;&nbsp;&nbsp; <BR>&nbsp;&nbsp;&nbsp;&nbsp;&nbsp;&nbsp;&nbsp;&nbsp;If&nbsp;sPageNo&gt;1&nbsp;Then&nbsp;&nbsp;&nbsp;&nbsp;Response.Write(\"&lt;a&nbsp;href=\"\"\"&nbsp;&amp;&nbsp;sURL&nbsp;&amp;&nbsp;\"PageNo=1\"\"&gt;第一页&lt;/a&gt;&nbsp;&lt;a&nbsp;href=\"\"\"&nbsp;&amp;&nbsp;sURL&nbsp;&amp;\"PageNo=\"&nbsp;&amp;&nbsp;p&nbsp;&amp;&nbsp;\"\"\"&gt;上一页&lt;/a&gt;\")&nbsp; <BR>&nbsp;&nbsp;&nbsp;&nbsp;&nbsp;&nbsp;&nbsp;&nbsp;&nbsp; <BR>&nbsp;&nbsp;&nbsp;&nbsp;&nbsp;&nbsp;&nbsp;&nbsp;For&nbsp;i=a&nbsp;To&nbsp;b&nbsp; <BR>&nbsp;&nbsp;&nbsp;&nbsp;&nbsp;&nbsp;&nbsp;&nbsp;&nbsp;&nbsp;&nbsp;&nbsp;If&nbsp;i&nbsp;=&nbsp;sPageNo&nbsp;Then&nbsp; <BR>&nbsp;&nbsp;&nbsp;&nbsp;&nbsp;&nbsp;&nbsp;&nbsp;&nbsp;&nbsp;&nbsp;&nbsp;&nbsp;&nbsp;&nbsp;&nbsp;Response.Write(&nbsp;\"&nbsp;\"&nbsp;&amp;&nbsp;i)&nbsp; <BR>&nbsp;&nbsp;&nbsp;&nbsp;&nbsp;&nbsp;&nbsp;&nbsp;&nbsp;&nbsp;&nbsp;&nbsp;&nbsp;&nbsp;&nbsp;&nbsp;Else&nbsp; <BR>&nbsp;&nbsp;&nbsp;&nbsp;&nbsp;&nbsp;&nbsp;&nbsp;&nbsp;&nbsp;&nbsp;&nbsp;&nbsp;&nbsp;&nbsp;&nbsp;Response.Write(\"&nbsp;&lt;a&nbsp;href=\"\"\"&nbsp;&amp;&nbsp;sURL&nbsp;&amp;&nbsp;\"PageNo=\"&nbsp;&amp;&nbsp;i&nbsp;&amp;&nbsp;\"\"\"&gt;[\"&nbsp;&amp;&nbsp;i&nbsp;&amp;&nbsp;\"]&lt;/a&gt;\")&nbsp; <BR>&nbsp;&nbsp;&nbsp;&nbsp;&nbsp;&nbsp;&nbsp;&nbsp;&nbsp;&nbsp;&nbsp;&nbsp;End&nbsp;If&nbsp; <BR>&nbsp;&nbsp;&nbsp;&nbsp;&nbsp;&nbsp;&nbsp;&nbsp;Next&nbsp; <BR>&nbsp;&nbsp;&nbsp;&nbsp;&nbsp;&nbsp;&nbsp;&nbsp;If&nbsp;sPageNo&nbsp;&lt;&nbsp;sPageCount&nbsp;Then&nbsp;&nbsp;&nbsp;&nbsp;Response.Write(\"&nbsp;&lt;a&nbsp;href=\"\"\"&nbsp;&amp;&nbsp;sURL&nbsp;&amp;&nbsp;\"PageNo=\"&nbsp;&amp;&nbsp;n&nbsp;&amp;&nbsp;\"\"\"&gt;下一页&lt;/a&gt;&nbsp;&lt;a&nbsp;href=\"\"\"&nbsp;&amp;&nbsp;sURL&nbsp;&amp;&nbsp;\"PageNo=\"&nbsp;&amp;&nbsp;sPageCount&nbsp;&amp;&nbsp;\"\"\"&gt;最后一页&lt;/a&gt;\")&nbsp; <BR><BR>&nbsp;&nbsp;&nbsp;&nbsp;&nbsp;&nbsp;&nbsp;&nbsp;Response.Write(\"&lt;/div&gt;\")&nbsp; <BR>&nbsp;&nbsp;&nbsp;&nbsp;End&nbsp;Sub&nbsp; <BR>End&nbsp;Class&nbsp; <BR>%&gt; <BR><BR>调用示例： <BR>=============Conn.asp=============================<BR><FONT face=Verdana>Dim Conn,ConnStr,Rs<BR>ConnStr = \"Provider=Microsoft.Jet.OLEDB.4.0;Data Source=\" &amp; Server.MapPath(\"Db.mdb\")</FONT><FONT face=Verdana>Set Conn = Server.CreateObject(\"ADODB.Connection\")<BR>Conn.Open ConnStr<BR></FONT><FONT face=Verdana>Set Rs = Server.CreateObject(\"Adodb.RecordSet\")</FONT></P>\r\n<P>=============test.asp============================== <BR>&lt;!--#include&nbsp;file=\"Conn.asp\"--&gt;&nbsp; <BR><FONT color=#0000ff>&lt;!--#include&nbsp;file=\"Pager.asp\"--&gt; <BR></FONT>&lt;%&nbsp; <BR>Sql=\"select&nbsp;*&nbsp;from&nbsp;Ok3w_Article&nbsp;where&nbsp;IsPass=1&nbsp;and&nbsp;IsDelete=0&nbsp;order&nbsp;by&nbsp;IsTop&nbsp;desc,IsCommend&nbsp;desc,ID&nbsp;desc\"<BR><FONT color=#0000ff>Set&nbsp;Page&nbsp;=&nbsp;New&nbsp;TurnPage&nbsp; <BR>Call&nbsp;Page.GetRs(Conn,Rs,Sql,10)\'创建Rs记录集，此处每页显示10条&nbsp; <BR>Do&nbsp;While&nbsp;Not&nbsp;Rs.Eof&nbsp;And&nbsp;Not&nbsp;Page.Eof</FONT>&nbsp; <BR>%&gt; <BR>&lt;a&nbsp;href=\"&lt;%=Rs(\"ID\")%&gt;.html\"&nbsp;target=\"_blank\"&gt;&lt;%=Rs(\"Title\")%&gt;&lt;/a&gt; <BR>&lt;%&nbsp; <BR>&nbsp;&nbsp;&nbsp;&nbsp;Rs.MoveNext&nbsp; <BR>&nbsp;&nbsp;&nbsp;&nbsp;<FONT color=#0000ff>Page.MoveNext</FONT>&nbsp; <BR>Loop&nbsp; <BR>Rs.Close&nbsp; <BR>%&gt; <BR><FONT color=#0000ff>&lt;%Call&nbsp;Page.GetPageList()\'显示分页导航%&gt;</FONT> <BR>&lt;%&nbsp; <BR><FONT color=#0000ff>Set&nbsp;Page&nbsp;=&nbsp;Nothing</FONT>&nbsp; <BR>Set&nbsp;Rs&nbsp;=&nbsp;Nothing&nbsp; <BR>Conn.Close<BR>Set Conn = Nothing&nbsp; <BR>%&gt;</P>\r\n<P>比起常规分页类，操作相对要简单一点，不同之处，就是蓝色部份了。</P>','zhengbi','Ok3w建站系统','2008-08-21 22:45:36','1',0,'',1,0,0,0,0,0,4),(14,1,61,'0,60,61,','ASP遍历文件、文件夹','<P><FONT face=Verdana>&lt;%<BR>Function SubFolders(Path)<BR>&nbsp;&nbsp;&nbsp;&nbsp;&nbsp; Dim fso&nbsp;&nbsp;&nbsp;&nbsp;&nbsp;&nbsp;&nbsp;&nbsp;&nbsp;&nbsp;&nbsp; \'fso对象<BR>&nbsp;&nbsp;&nbsp;&nbsp;&nbsp; Dim objFolder&nbsp;&nbsp;&nbsp;&nbsp;&nbsp; \'文件夹对象<BR>&nbsp;&nbsp;&nbsp;&nbsp;&nbsp; Dim objSubFolders&nbsp; \'子文件夹集合<BR>&nbsp;&nbsp;&nbsp;&nbsp;&nbsp; Dim objSubFolder&nbsp;&nbsp; \'子文件夹对象<BR>&nbsp;&nbsp;&nbsp;&nbsp;&nbsp; Dim objFiles&nbsp;&nbsp;&nbsp;&nbsp;&nbsp;&nbsp; \'文件集合<BR>&nbsp;&nbsp;&nbsp;&nbsp;&nbsp; Dim objFile&nbsp;&nbsp;&nbsp;&nbsp;&nbsp;&nbsp;&nbsp; \'文件对象<BR>&nbsp;<BR>&nbsp;&nbsp;&nbsp;&nbsp;&nbsp; Set fso=server.CreateObject(\"scripting.filesystemobject\")<BR>&nbsp;&nbsp;&nbsp;&nbsp;&nbsp; Set objFolder=fso.GetFolder(Path)\'创建文件夹对象<BR>&nbsp;&nbsp;&nbsp;&nbsp;&nbsp; Set objSubFolders=objFolder.Subfolders\'创建的子文件夹对象<BR>&nbsp;&nbsp;&nbsp;&nbsp;&nbsp; For Each objSubFolder In objSubFolders<BR>&nbsp;&nbsp;&nbsp;&nbsp;&nbsp;&nbsp;&nbsp;&nbsp;&nbsp;&nbsp;&nbsp; nowpath=path + \"\\\" + objSubFolder.name<BR>&nbsp;&nbsp;&nbsp;&nbsp;&nbsp;&nbsp;&nbsp;&nbsp;&nbsp;&nbsp;&nbsp; Response.Write nowpath<BR>&nbsp;&nbsp;&nbsp;&nbsp;&nbsp;&nbsp;&nbsp;&nbsp;&nbsp;&nbsp;&nbsp; Set objFiles=objSubFolder.Files<BR>&nbsp;&nbsp;&nbsp;&nbsp;&nbsp;&nbsp;&nbsp;&nbsp;&nbsp;&nbsp;&nbsp; For Each objFile In objFiles<BR>&nbsp;&nbsp;&nbsp;&nbsp;&nbsp;&nbsp;&nbsp;&nbsp;&nbsp;&nbsp;&nbsp;&nbsp;&nbsp;&nbsp;&nbsp;&nbsp;&nbsp; Response.Write \"&lt;br&gt;---\"<BR>&nbsp;&nbsp;&nbsp;&nbsp;&nbsp;&nbsp;&nbsp;&nbsp;&nbsp;&nbsp;&nbsp;&nbsp;&nbsp;&nbsp;&nbsp;&nbsp;&nbsp; Response.Write objFile.name<BR>&nbsp;&nbsp;&nbsp;&nbsp;&nbsp;&nbsp;&nbsp;&nbsp;&nbsp;&nbsp;&nbsp; Next<BR>&nbsp;&nbsp;&nbsp;&nbsp;&nbsp;&nbsp;&nbsp;&nbsp;&nbsp;&nbsp;&nbsp; Response.Write \"&lt;p&gt;\"<BR>&nbsp;&nbsp;&nbsp;&nbsp;&nbsp;&nbsp;&nbsp;&nbsp;&nbsp;&nbsp;&nbsp; SubFolders(nowpath)&nbsp;&nbsp;&nbsp; \'调用递归<BR>&nbsp;&nbsp;&nbsp;&nbsp;&nbsp; Next<BR>&nbsp;&nbsp;&nbsp;&nbsp;&nbsp; Set objFolder=nothing<BR>&nbsp;&nbsp;&nbsp;&nbsp;&nbsp; Set objSubFolders=nothing<BR>&nbsp;&nbsp;&nbsp;&nbsp;&nbsp; Set fso=nothing<BR>End Function<BR>%&gt;</FONT></P>\r\n<P><FONT face=Verdana>&lt;%<BR>\'=============调用示例<BR>SubFolders(Server.MapPath(\"/\"))<BR>%&gt;</FONT></P>','','Ok3w建站系统','2008-08-21 22:48:39','1',0,'',1,0,0,0,0,0,0),(15,1,61,'0,60,61,','学以致用 驳“ASP低能论”','<p>　　很多人错误地认为ASP是简单、低效的代名词，认为ASP是低能的，不足挂齿的，也很简单，一学就会，一琢磨就精通。</p>\r\n\r\n<p>　　有人讲ASP不安全，写ASP的程序的时候如果严格按照书写安全的代码的规范去写，写出来的程序也没有什么理由不安全。那些人说ASP不安全，好像PHP、JSP的程序就不会出现SQL Injection似的。</p>\r\n\r\n<p>　　有人讲ASP不高效，真的想要高效的话你可以结合COM，在Win32平台下COM的效率Java是永远追不上的。单纯讲速度有什么意义呢？Java的速度绝对算不上高，论速度的话好多技术方案的速度都比Java高，这一点学Java的人最清楚了，可是谁在乎过这一点了？Java的胜出绝对不是因为它的速度。抛开具体的应用环境单纯地讲速度是不理性的。</p>\r\n\r\n<p>　　有人讲ASP这个不能做，那个做不了，功能很局限。其实只要你明白Web的原理的话你就会明白，写ASP程序表面看是在玩一种脚本语言，但你指挥的是Web Server，有很多复杂的功能ASP也照样能完成的很好，有些功能ASP假如因为Web应用的先天局限做不了，你不要以为JSP、PHP就能做到。</p>\r\n\r\n<p>　　再提到功能。要说功能的话ASP+SQL Server肯定比PHP+MySQL强百倍，MySQL不支持事务处理，就这一条让PHP开发者吃了多少亏，没有视图，没有存储过程和触发器，没有数据库端的用户自定义函数，不能完全使用标准的SQL语法，这都是MySQL的缺点。可是PHP程序员在乎这一点了吗？没有！因为他们最在乎的是MySQL很快。（注意，是MySQL很快，不是PHP很快。同样，是MySQL不支持事务处理，而不是PHP的过错。）在面对PHP+MySQL的时候，人们就如此的理性。面对ASP的时候很多人就缺乏这种理性的认识。</p>\r\n\r\n<p>　　还有人提到MVC，是的我知道JSP可以把MVC发挥得很好。但是MVC这种编程思想不是Java或某种方案的专利，只要掌握了MVC的程序构架思想，你一样能写出这样的ASP程序、PHP程序。</p>\r\n\r\n<p>　　许多人单纯地做一些语言本身的比较，有什么意义呢？就好像你谈JSP的时候不谈JavaBeans，不谈EJB，那么你谈JSP有什么意义呢？同理谈ASP的时候你不谈COM，有什么意义呢？不要忘了ASP的核心就是COM。谈PHP的时候如果不谈它强大的平台&mdash;&mdash;Unix/Linx，PHP照样什么也不是。</p>\r\n\r\n<p>　　不过有一点是可以肯定的，那就是：ASP的入门门槛最低。这按理说应该算ASP的优点，它秉承了微软技术一贯的作风&mdash;&mdash;简单，入门门槛低。也正是因为这一点，使得大量的Web开发领域的新手能够很快地开发网站。但也正因为这一点，使许多掌握了ASP的一点皮毛知识的人自认为对ASP很懂，结果写出很垃圾的程序，让别人看了ASP的笑话。其实我接触过的一些JSP程序员也很垃圾，他们处理数据库操作的时候低级错误百出，但是因为他们是用Java开发的，所以给别人的感觉好像就高人一等。其实真的优秀的程序员如果明白了ASP的一些原理的话也能把ASP驾驭得很好。有些人玩不转ASP，你不能因此说这是ASP的问题。玩不转ASP的人大多是没有正确理解Web，而不是没有正确理解ASP中的语法。</p>\r\n\r\n<p>　　ASP的语法很简单，Java的语法也复杂不到哪里去，C++和C虽然复杂但是只要是一个智力正常的人也没有理由学不会。</p>\r\n\r\n<p>　　问题是语法本身很简单，但是Web很复杂。我们不是在这里浅尝辄止地玩弄一下某种脚本语言，我们是在做Web开发。</p>\r\n\r\n<p>　　Web开发虽然有不同的解决方案，但是基本的原理是相通的。如果你清楚Web端程序的一些运行原理，你就会明白你使用的开发技术的语法难度只不过是一种入门级的难度，真正的难度不在于你用什么技术方案去开发Web应用程序，真正的难度在于错综复杂的Web应用自身。</p>\r\n','','Ok3w建站系统','2008-08-21 22:49:37',NULL,0,'',1,0,0,0,0,0,0),(16,1,130,'0,60,130,','数据库日志过大怎么办？','<p>闲话休絮，压缩代码如下：<br />\r\n<br />\r\ndump&nbsp;transaction&nbsp;数据库名称&nbsp;with&nbsp;&nbsp;no_log&nbsp;<br />\r\nbackup&nbsp;log&nbsp;数据库名称&nbsp;with&nbsp;no_log&nbsp;<br />\r\ndbcc&nbsp;shrinkdatabase(数据库名称)</p>\r\n\r\n<p>把蓝色部份的代码复制到查询分析器中，&ldquo;数库名称&rdquo;换成你想要压缩的具体数据库，运行，OK，日志大小是不是回复到最初大小了？</p>\r\n','ASP乐园','ASP乐园11','2009-04-03 00:13:05',NULL,0,'',1,0,0,1,0,0,12),(17,1,108,'0,107,108,','Dreamweaver 一打开就关闭的解决法','<P><FONT face=Verdana>这个问题，也算是千年不遇了，但今天却让我碰上了，在网上找了N久，终于有了解决办法。</FONT></P>\r\n<P><FONT face=Verdana color=#0000ff>解决方法也很简单，运行regedit进入注册表，找到HKEY_CURRENT_USER\\Software\\Macromedia\\Common\\2004\\Sites，2004是版本号，删除其下的子项-Site0,-site1,-site2,......sitex等等，然后把-Summary项里面的Current Site改为空，Number of Sites改为0，重启Dreamweaver，又能看到美妙的绿色界面了。</FONT></P>\r\n<P><FONT color=#0000ff></FONT><FONT face=Verdana><BR>问题已经解决了，转发一下那位不知名的网友的贴子，毕竟这个问题不多见，解决方法也不好找。</FONT></P>','ASP乐园','ASP乐园','2009-04-03 00:19:36','1',0,'',1,0,0,0,0,0,3),(18,1,130,'0,60,130,','Microsoft JET Database Engine 错误 \'80004005\' 解决办法','<p>现像：&nbsp;<br />\r\nASP网站打不开,conn.asp文件连接数据库部分报错：&nbsp;<br />\r\nMicrosoft&nbsp;JET&nbsp;Database&nbsp;Engine&nbsp;错误&nbsp;&rsquo;80004005&rsquo;&nbsp;<br />\r\n未指定的错误&nbsp;&nbsp;<br />\r\n<br />\r\n原因：&nbsp;<br />\r\naccess数据库打开错误&nbsp;<br />\r\nwindows权限设置&nbsp;<br />\r\ntemp路径设置&nbsp;<br />\r\n网站数据库打不开&nbsp;<br />\r\n<br />\r\n办法：&nbsp;<br />\r\n1、IIS的来宾访问用户设置成管理员组&nbsp;<br />\r\n在计算机管理--用户中，找到IUSR_****，隶属于添加&nbsp;administrators，然后需要重启IIS，网站可以打开了&nbsp;<br />\r\n把IIS的来宾访问用户设置成管理员，暂时这样用了&hellip;&hellip;安全性上不推荐&nbsp;<br />\r\n<br />\r\n2、C:\\Windows\\Temp&nbsp;设置everyone或者users的写权限,推荐users<br />\r\n此方法如果不行，可能你遇到了和我一样的问题，环境变量没有设在C:\\Windows\\Temp&nbsp;<br />\r\n而是在C:\\Documents&nbsp;and&nbsp;Settings\\LocalService\\Local&nbsp;Settings\\&nbsp;temp&nbsp;<br />\r\n或者C:\\Documents&nbsp;and&nbsp;Settings\\administrator\\Local&nbsp;Settings\\&nbsp;temp&nbsp;<br />\r\n<br />\r\n3、方法一、设置此目录给IUSR_****写权限，&nbsp; 或者将环境变量（电脑-属性-高级-环境变量-）&nbsp;<br />\r\n方法：借助filemon工具，在打开网页时，会发现在filemon中，结果有access&nbsp;denied，双击后找到这个目录，此目录就是因为没有权限导致access数据库打开失败的症结所在。给tempe文件夹一个写权限（everyone用户或者IUSR_****,推荐IUSR_****）&nbsp;<br />\r\n<br />\r\n方法二、更改统环境变量temp和tmp原来的%USERPROFILE%Local&nbsp;SettingsTemp&nbsp;<br />\r\n<br />\r\n为%SystemRoot%TEMP，设置权限，重新启动电脑后环境变量才能生效&nbsp;</p>\r\n\r\n<p>说了那么多，出现这个问题，常见的还是权限问题，你先试试下面的办法吧：<br />\r\n一、给C:\\Windows\\Temp添加Users用户的读写权限；<br />\r\n二、给数据库或是数据库所在文件夹添加Users用户的读写权限即可。</p>\r\n','ASP乐园','ASP乐园','2009-04-03 00:23:48',NULL,0,'',1,0,0,0,0,0,5),(22,1,95,'0,95,','新闻系统','<p>新闻系统</p>\r\n','Ok3w新闻发布系统','Ok3w新闻发布系统','2009-04-22 15:36:06',NULL,0,'',1,0,0,0,0,0,1),(28,1,87,'0,85,87,','删除WORD中的所有批注','具体操作过程如下：<BR>一、视图 &gt;&gt; 工具栏 &gt;&gt; 审阅，打上勾，如果已经勾上，则跳过此步；<BR>二、这时工具栏中会多出一个工具条，这个工具条中有一个打X的按钮，他就是“拒绝修订/删除批注”按钮，他的右边有一个下拉键头，单击“拒绝修订/删除批注”按钮旁边的下拉箭头，然后单击“删除文档中的所有批注”。 ','Ok3w新闻发布系统','Ok3w新闻发布系统','2009-04-23 09:12:54','admin',0,'',1,0,0,0,0,0,0),(37,1,95,'0,95,','新闻系统','<div><img src=\"http://localhost/upfiles/e/20090424143616.gif\" style=\"height:113px; width:166px\" />&nbsp;<img src=\"http://localhost/upfiles/e/20090424143815.gif\" />\r\n<div>&nbsp;</div>\r\n</div>\r\n','Ok3w新闻发布系统','Ok3w新闻发布系统','2009-04-24 14:30:47',NULL,0,'',1,0,0,0,0,0,6),(38,1,99,'0,95,99,','测式中。','<IMG src=\"upfiles/e/20090424144935.jpg\" align=absMiddle border=0><IMG alt=\"\" src=\"upfiles/e/20090424203739.jpg\" align=absMiddle border=0>','Ok3w新闻发布系统','Ok3w新闻发布系统','2009-04-24 14:49:31','admin',0,'',1,0,0,0,0,0,1),(42,1,97,'0,95,97,','标题','<TABLE style=\"BORDER-RIGHT: #cccccc 1px dotted; TABLE-LAYOUT: fixed; BORDER-TOP: #cccccc 1px dotted; BORDER-LEFT: #cccccc 1px dotted; BORDER-BOTTOM: #cccccc 1px dotted\" cellSpacing=0 cellPadding=6 width=\"95%\" align=center border=0>\r\n<TBODY>\r\n<TR>\r\n<TD style=\"WORD-WRAP: break-word\" bgColor=#f3f3f3><FONT style=\"FONT-WEIGHT: bold; COLOR: #990000\">以下是引用片段：</FONT><BR>请输入引用片段</TD></TR></TBODY></TABLE>\r\n<P>&nbsp;</P>\r\n<P class=MsoBodyText style=\"MARGIN: 0cm 0cm 0pt; tab-stops: 297.0pt\"><?xml:namespace prefix = v ns = \"urn:schemas-microsoft-com:vml\" /><v:shapetype id=_x0000_t202 path=\"m,l,21600r21600,l21600,xe\" o:spt=\"202\" coordsize=\"21600,21600\"><v:stroke joinstyle=\"miter\"></v:stroke><v:path o:connecttype=\"rect\" gradientshapeok=\"t\"></v:path></v:shapetype><v:shape id=_x0000_s1026 style=\"MARGIN-TOP: 29.8pt; Z-INDEX: 1; LEFT: 0px; MARGIN-LEFT: 450pt; WIDTH: 25.95pt; POSITION: absolute; HEIGHT: 17pt; TEXT-ALIGN: left\" type=\"#_x0000_t202\"><v:textbox style=\"mso-next-textbox: #_x0000_s1026\" inset=\"0,0,0,0\"></v:textbox></v:shape><SPAN style=\"Z-INDEX: 1; LEFT: 0pt; POSITION: absolute; mso-ignore: vglayout\">\r\n<TABLE cellSpacing=0 cellPadding=0 width=\"100%\">\r\n<TBODY>\r\n<TR>\r\n<TD style=\"BORDER-RIGHT: #d4d0c8; BORDER-TOP: #d4d0c8; BORDER-LEFT: #d4d0c8; BORDER-BOTTOM: #d4d0c8; BACKGROUND-COLOR: transparent\">\r\n<DIV class=shape style=\"PADDING-RIGHT: 0.75pt; PADDING-LEFT: 0.75pt; PADDING-BOTTOM: 0.75pt; PADDING-TOP: 0.75pt\" v:shape=\"_x0000_s1026\">\r\n<P class=MsoNormal style=\"MARGIN: 0cm 0cm 0pt; TEXT-ALIGN: center\" align=center><SPAN lang=EN-US style=\"FONT-FAMILY: 宋体; mso-bidi-font-size: 10.5pt\"><?xml:namespace prefix = o ns = \"urn:schemas-microsoft-com:office:office\" /><o:p>&nbsp;</o:p></SPAN></P></DIV></TD></TR></TBODY></TABLE></SPAN><B><SPAN style=\"FONT-SIZE: 16pt; FONT-FAMILY: 黑体; mso-bidi-font-size: 12.0pt\">标高抄测记录<SPAN lang=EN-US><o:p></o:p></SPAN></SPAN></B></P>\r\n<P class=MsoBodyText style=\"MARGIN: 0cm 0cm 0pt; tab-stops: 297.0pt\"><SPAN lang=EN-US style=\"FONT-SIZE: 9pt; mso-bidi-font-size: 12.0pt\"><SPAN style=\"mso-spacerun: yes\"><FONT face=\"Times New Roman\">&nbsp;&nbsp;&nbsp;&nbsp;&nbsp;&nbsp;&nbsp;&nbsp;&nbsp;&nbsp;&nbsp;&nbsp;&nbsp;&nbsp;&nbsp;&nbsp;&nbsp;&nbsp;&nbsp;&nbsp;&nbsp;&nbsp;&nbsp;&nbsp;&nbsp;&nbsp;&nbsp;&nbsp;&nbsp;&nbsp;&nbsp;&nbsp;&nbsp;&nbsp;&nbsp;&nbsp;&nbsp;&nbsp;&nbsp;&nbsp;&nbsp;&nbsp;&nbsp;&nbsp;&nbsp;&nbsp;&nbsp;&nbsp;&nbsp;&nbsp;&nbsp;&nbsp;&nbsp;&nbsp;&nbsp;&nbsp;&nbsp;&nbsp;&nbsp;&nbsp;&nbsp;&nbsp;&nbsp;&nbsp;&nbsp;&nbsp;&nbsp;&nbsp;&nbsp;&nbsp;&nbsp; </FONT></SPAN></SPAN><SPAN style=\"FONT-SIZE: 9pt; FONT-FAMILY: 宋体; mso-bidi-font-size: 12.0pt; mso-ascii-font-family: \'Times New Roman\'; mso-hansi-font-family: \'Times New Roman\'\">鲁</SPAN><SPAN lang=EN-US style=\"FONT-SIZE: 9pt; mso-bidi-font-size: 12.0pt\"><FONT face=\"Times New Roman\">GG</FONT></SPAN><SPAN style=\"FONT-SIZE: 9pt; FONT-FAMILY: 宋体; mso-bidi-font-size: 12.0pt; mso-ascii-font-family: \'Times New Roman\'; mso-hansi-font-family: \'Times New Roman\'\">—</SPAN><SPAN lang=EN-US style=\"FONT-SIZE: 9pt; mso-bidi-font-size: 12.0pt\"><FONT face=\"Times New Roman\">014<o:p></o:p></FONT></SPAN></P>\r\n<P>\r\n<TABLE class=MsoNormalTable style=\"BORDER-RIGHT: medium none; BORDER-TOP: medium none; BORDER-LEFT: medium none; BORDER-BOTTOM: medium none; BORDER-COLLAPSE: collapse; mso-padding-alt: 0cm 5.4pt 0cm 5.4pt; mso-border-alt: solid windowtext 1.5pt; mso-border-insideh: .5pt solid windowtext; mso-border-insidev: .5pt solid windowtext\" cellSpacing=0 cellPadding=0 border=1>\r\n<TBODY>\r\n<TR style=\"HEIGHT: 24.1pt; mso-yfti-irow: 0; mso-yfti-firstrow: yes\">\r\n<TD style=\"BORDER-RIGHT: windowtext 1pt solid; PADDING-RIGHT: 5.4pt; BORDER-TOP: windowtext 1.5pt solid; PADDING-LEFT: 5.4pt; PADDING-BOTTOM: 0cm; BORDER-LEFT: windowtext 1.5pt solid; WIDTH: 84.35pt; PADDING-TOP: 0cm; BORDER-BOTTOM: windowtext 1pt solid; HEIGHT: 24.1pt; BACKGROUND-COLOR: transparent; mso-border-bottom-alt: .5pt; mso-border-top-alt: 1.5pt; mso-border-left-alt: 1.5pt; mso-border-right-alt: .5pt; mso-border-color-alt: windowtext; mso-border-style-alt: solid\" width=112 colSpan=2>\r\n<P class=MsoBodyText style=\"MARGIN: 0cm 0cm 0pt; tab-stops: 297.0pt\"><SPAN style=\"FONT-SIZE: 10.5pt; FONT-FAMILY: 宋体; mso-bidi-font-size: 12.0pt; mso-ascii-font-family: \'Times New Roman\'; mso-hansi-font-family: \'Times New Roman\'\">工程名称</SPAN><SPAN lang=EN-US style=\"FONT-SIZE: 10.5pt; mso-bidi-font-size: 12.0pt\"><o:p></o:p></SPAN></P></TD>\r\n<TD style=\"BORDER-RIGHT: windowtext 1pt solid; PADDING-RIGHT: 5.4pt; BORDER-TOP: windowtext 1.5pt solid; PADDING-LEFT: 5.4pt; PADDING-BOTTOM: 0cm; BORDER-LEFT: #d4d0c8; WIDTH: 161.95pt; PADDING-TOP: 0cm; BORDER-BOTTOM: windowtext 1pt solid; HEIGHT: 24.1pt; BACKGROUND-COLOR: transparent; mso-border-alt: solid windowtext .5pt; mso-border-top-alt: solid windowtext 1.5pt; mso-border-left-alt: solid windowtext .5pt\" width=216><A name=gcmc></A>\r\n<P class=MsoBodyText style=\"MARGIN: 0cm 0cm 0pt; tab-stops: 297.0pt\"><SPAN lang=EN-US style=\"FONT-SIZE: 10.5pt; mso-bidi-font-size: 12.0pt\"><o:p><FONT face=\"Times New Roman\">&nbsp;</FONT></o:p></SPAN></P></TD>\r\n<TD style=\"BORDER-RIGHT: windowtext 1pt solid; PADDING-RIGHT: 5.4pt; BORDER-TOP: windowtext 1.5pt solid; PADDING-LEFT: 5.4pt; PADDING-BOTTOM: 0cm; BORDER-LEFT: #d4d0c8; WIDTH: 84.75pt; PADDING-TOP: 0cm; BORDER-BOTTOM: windowtext 1pt solid; HEIGHT: 24.1pt; BACKGROUND-COLOR: transparent; mso-border-alt: solid windowtext .5pt; mso-border-top-alt: solid windowtext 1.5pt; mso-border-left-alt: solid windowtext .5pt\" width=113 colSpan=2>\r\n<P class=MsoBodyText style=\"MARGIN: 0cm 0cm 0pt; tab-stops: 297.0pt\"><SPAN style=\"FONT-SIZE: 10.5pt; FONT-FAMILY: 宋体; mso-bidi-font-size: 12.0pt; mso-ascii-font-family: \'Times New Roman\'; mso-hansi-font-family: \'Times New Roman\'\">抄测日期</SPAN><SPAN lang=EN-US style=\"FONT-SIZE: 10.5pt; mso-bidi-font-size: 12.0pt\"><o:p></o:p></SPAN></P></TD>\r\n<TD style=\"BORDER-RIGHT: windowtext 1.5pt solid; PADDING-RIGHT: 5.4pt; BORDER-TOP: windowtext 1.5pt solid; PADDING-LEFT: 5.4pt; PADDING-BOTTOM: 0cm; BORDER-LEFT: #d4d0c8; WIDTH: 151.35pt; PADDING-TOP: 0cm; BORDER-BOTTOM: windowtext 1pt solid; HEIGHT: 24.1pt; BACKGROUND-COLOR: transparent; mso-border-bottom-alt: .5pt; mso-border-top-alt: 1.5pt; mso-border-left-alt: .5pt; mso-border-right-alt: 1.5pt; mso-border-color-alt: windowtext; mso-border-style-alt: solid\" width=202>\r\n<P class=MsoBodyText style=\"MARGIN: 0cm 0cm 0pt; tab-stops: 297.0pt\"><SPAN lang=EN-US style=\"FONT-SIZE: 10.5pt; mso-bidi-font-size: 12.0pt\"><o:p><FONT face=\"Times New Roman\">&nbsp;</FONT></o:p></SPAN></P></TD></TR>\r\n<TR style=\"HEIGHT: 24.1pt; mso-yfti-irow: 1\">\r\n<TD style=\"BORDER-RIGHT: windowtext 1pt solid; PADDING-RIGHT: 5.4pt; BORDER-TOP: #d4d0c8; PADDING-LEFT: 5.4pt; PADDING-BOTTOM: 0cm; BORDER-LEFT: windowtext 1.5pt solid; WIDTH: 84.35pt; PADDING-TOP: 0cm; BORDER-BOTTOM: windowtext 1pt solid; HEIGHT: 24.1pt; BACKGROUND-COLOR: transparent; mso-border-alt: solid windowtext .5pt; mso-border-top-alt: solid windowtext .5pt; mso-border-left-alt: solid windowtext 1.5pt\" width=112 colSpan=2>\r\n<P class=MsoBodyText style=\"MARGIN: 0cm 0cm 0pt; tab-stops: 297.0pt\"><SPAN style=\"FONT-SIZE: 10.5pt; FONT-FAMILY: 宋体; mso-bidi-font-size: 12.0pt; mso-ascii-font-family: \'Times New Roman\'; mso-hansi-font-family: \'Times New Roman\'\">抄测部位</SPAN><SPAN lang=EN-US style=\"FONT-SIZE: 10.5pt; mso-bidi-font-size: 12.0pt\"><o:p></o:p></SPAN></P></TD>\r\n<TD style=\"BORDER-RIGHT: windowtext 1pt solid; PADDING-RIGHT: 5.4pt; BORDER-TOP: #d4d0c8; PADDING-LEFT: 5.4pt; PADDING-BOTTOM: 0cm; BORDER-LEFT: #d4d0c8; WIDTH: 161.95pt; PADDING-TOP: 0cm; BORDER-BOTTOM: windowtext 1pt solid; HEIGHT: 24.1pt; BACKGROUND-COLOR: transparent; mso-border-alt: solid windowtext .5pt; mso-border-top-alt: solid windowtext .5pt; mso-border-left-alt: solid windowtext .5pt\" width=216>\r\n<P class=MsoBodyText style=\"MARGIN: 0cm 0cm 0pt; tab-stops: 297.0pt\"><SPAN lang=EN-US style=\"FONT-SIZE: 10.5pt; mso-bidi-font-size: 12.0pt\"><o:p><FONT face=\"Times New Roman\">&nbsp;</FONT></o:p></SPAN></P></TD>\r\n<TD style=\"BORDER-RIGHT: windowtext 1pt solid; PADDING-RIGHT: 5.4pt; BORDER-TOP: #d4d0c8; PADDING-LEFT: 5.4pt; PADDING-BOTTOM: 0cm; BORDER-LEFT: #d4d0c8; WIDTH: 84.75pt; PADDING-TOP: 0cm; BORDER-BOTTOM: windowtext 1pt solid; HEIGHT: 24.1pt; BACKGROUND-COLOR: transparent; mso-border-alt: solid windowtext .5pt; mso-border-top-alt: solid windowtext .5pt; mso-border-left-alt: solid windowtext .5pt\" width=113 colSpan=2>\r\n<P class=MsoBodyText style=\"MARGIN: 0cm 0cm 0pt; tab-stops: 297.0pt\"><SPAN style=\"FONT-SIZE: 10.5pt; FONT-FAMILY: 宋体; mso-bidi-font-size: 12.0pt; mso-ascii-font-family: \'Times New Roman\'; mso-hansi-font-family: \'Times New Roman\'\">抄测内容</SPAN><SPAN lang=EN-US style=\"FONT-SIZE: 10.5pt; mso-bidi-font-size: 12.0pt\"><o:p></o:p></SPAN></P></TD>\r\n<TD style=\"BORDER-RIGHT: windowtext 1.5pt solid; PADDING-RIGHT: 5.4pt; BORDER-TOP: #d4d0c8; PADDING-LEFT: 5.4pt; PADDING-BOTTOM: 0cm; BORDER-LEFT: #d4d0c8; WIDTH: 151.35pt; PADDING-TOP: 0cm; BORDER-BOTTOM: windowtext 1pt solid; HEIGHT: 24.1pt; BACKGROUND-COLOR: transparent; mso-border-alt: solid windowtext .5pt; mso-border-top-alt: solid windowtext .5pt; mso-border-left-alt: solid windowtext .5pt; mso-border-right-alt: solid windowtext 1.5pt\" width=202>\r\n<P class=MsoBodyText style=\"MARGIN: 0cm 0cm 0pt; tab-stops: 297.0pt\"><SPAN lang=EN-US style=\"FONT-SIZE: 10.5pt; mso-bidi-font-size: 12.0pt\"><o:p><FONT face=\"Times New Roman\">&nbsp;</FONT></o:p></SPAN></P></TD></TR>\r\n<TR style=\"HEIGHT: 24.1pt; mso-yfti-irow: 2\">\r\n<TD style=\"BORDER-RIGHT: windowtext 1.5pt solid; PADDING-RIGHT: 5.4pt; BORDER-TOP: #d4d0c8; PADDING-LEFT: 5.4pt; PADDING-BOTTOM: 0cm; BORDER-LEFT: windowtext 1.5pt solid; WIDTH: 482.4pt; PADDING-TOP: 0cm; BORDER-BOTTOM: windowtext 1pt solid; HEIGHT: 24.1pt; BACKGROUND-COLOR: transparent; mso-border-bottom-alt: .5pt; mso-border-top-alt: .5pt; mso-border-left-alt: 1.5pt; mso-border-right-alt: 1.5pt; mso-border-color-alt: windowtext; mso-border-style-alt: solid\" width=643 colSpan=6>\r\n<P class=MsoBodyText style=\"TEXT-JUSTIFY: inter-ideograph; MARGIN: 0cm 0cm 0pt; TEXT-ALIGN: justify; tab-stops: 297.0pt\"><SPAN style=\"FONT-SIZE: 10.5pt; FONT-FAMILY: 宋体; mso-bidi-font-size: 12.0pt; mso-ascii-font-family: \'Times New Roman\'; mso-hansi-font-family: \'Times New Roman\'\">抄测依据：</SPAN><SPAN lang=EN-US style=\"FONT-SIZE: 10.5pt; mso-bidi-font-size: 12.0pt\"><o:p></o:p></SPAN></P>\r\n<P class=MsoBodyText style=\"TEXT-JUSTIFY: inter-ideograph; MARGIN: 0cm 0cm 0pt; TEXT-ALIGN: justify; tab-stops: 297.0pt\"><SPAN lang=EN-US style=\"FONT-SIZE: 10.5pt; mso-bidi-font-size: 12.0pt\"><o:p><FONT face=\"Times New Roman\">&nbsp;</FONT></o:p></SPAN></P>\r\n<P class=MsoBodyText style=\"TEXT-JUSTIFY: inter-ideograph; MARGIN: 0cm 0cm 0pt; TEXT-ALIGN: justify; tab-stops: 297.0pt\"><SPAN lang=EN-US style=\"FONT-SIZE: 10.5pt; mso-bidi-font-size: 12.0pt\"><o:p><FONT face=\"Times New Roman\">&nbsp;</FONT></o:p></SPAN></P>\r\n<P class=MsoBodyText style=\"TEXT-JUSTIFY: inter-ideograph; MARGIN: 0cm 0cm 0pt; TEXT-ALIGN: justify; tab-stops: 297.0pt\"><SPAN lang=EN-US style=\"FONT-SIZE: 10.5pt; mso-bidi-font-size: 12.0pt\"><o:p><FONT face=\"Times New Roman\">&nbsp;</FONT></o:p></SPAN></P>\r\n<P class=MsoBodyText style=\"TEXT-JUSTIFY: inter-ideograph; MARGIN: 0cm 0cm 0pt; TEXT-ALIGN: justify; tab-stops: 297.0pt\"><SPAN lang=EN-US style=\"FONT-SIZE: 10.5pt; mso-bidi-font-size: 12.0pt\"><o:p><FONT face=\"Times New Roman\">&nbsp;</FONT></o:p></SPAN></P>\r\n<P class=MsoBodyText style=\"TEXT-JUSTIFY: inter-ideograph; MARGIN: 0cm 0cm 0pt; TEXT-ALIGN: justify; tab-stops: 297.0pt\"><SPAN lang=EN-US style=\"FONT-SIZE: 10.5pt; mso-bidi-font-size: 12.0pt\"><o:p><FONT face=\"Times New Roman\">&nbsp;</FONT></o:p></SPAN></P>\r\n<P class=MsoBodyText style=\"TEXT-JUSTIFY: inter-ideograph; MARGIN: 0cm 0cm 0pt; TEXT-ALIGN: justify; tab-stops: 297.0pt\"><SPAN lang=EN-US style=\"FONT-SIZE: 10.5pt; mso-bidi-font-size: 12.0pt\"><o:p><FONT face=\"Times New Roman\">&nbsp;</FONT></o:p></SPAN></P>\r\n<P class=MsoBodyText style=\"TEXT-JUSTIFY: inter-ideograph; MARGIN: 0cm 0cm 0pt; TEXT-ALIGN: justify; tab-stops: 297.0pt\"><SPAN lang=EN-US style=\"FONT-SIZE: 10.5pt; mso-bidi-font-size: 12.0pt\"><o:p><FONT face=\"Times New Roman\">&nbsp;</FONT></o:p></SPAN></P>\r\n<P class=MsoBodyText style=\"TEXT-JUSTIFY: inter-ideograph; MARGIN: 0cm 0cm 0pt; TEXT-ALIGN: justify; tab-stops: 297.0pt\"><SPAN lang=EN-US style=\"FONT-SIZE: 10.5pt; mso-bidi-font-size: 12.0pt\"><o:p><FONT face=\"Times New Roman\">&nbsp;</FONT></o:p></SPAN></P>\r\n<P class=MsoBodyText style=\"TEXT-JUSTIFY: inter-ideograph; MARGIN: 0cm 0cm 0pt; TEXT-ALIGN: justify; tab-stops: 297.0pt\"><SPAN lang=EN-US style=\"FONT-SIZE: 10.5pt; mso-bidi-font-size: 12.0pt\"><o:p><FONT face=\"Times New Roman\">&nbsp;</FONT></o:p></SPAN></P></TD></TR>\r\n<TR style=\"HEIGHT: 24.1pt; mso-yfti-irow: 3\">\r\n<TD style=\"BORDER-RIGHT: windowtext 1.5pt solid; PADDING-RIGHT: 5.4pt; BORDER-TOP: #d4d0c8; PADDING-LEFT: 5.4pt; PADDING-BOTTOM: 0cm; BORDER-LEFT: windowtext 1.5pt solid; WIDTH: 482.4pt; PADDING-TOP: 0cm; BORDER-BOTTOM: windowtext 1pt solid; HEIGHT: 24.1pt; BACKGROUND-COLOR: transparent; mso-border-bottom-alt: .5pt; mso-border-top-alt: .5pt; mso-border-left-alt: 1.5pt; mso-border-right-alt: 1.5pt; mso-border-color-alt: windowtext; mso-border-style-alt: solid\" width=643 colSpan=6>\r\n<P class=MsoBodyText style=\"TEXT-JUSTIFY: inter-ideograph; MARGIN: 0cm 0cm 0pt; TEXT-ALIGN: justify; tab-stops: 297.0pt\"><SPAN style=\"FONT-SIZE: 10.5pt; FONT-FAMILY: 宋体; mso-bidi-font-size: 12.0pt; mso-ascii-font-family: \'Times New Roman\'; mso-hansi-font-family: \'Times New Roman\'\">抄测说明：</SPAN><SPAN lang=EN-US style=\"FONT-SIZE: 10.5pt; mso-bidi-font-size: 12.0pt\"><o:p></o:p></SPAN></P>\r\n<P class=MsoBodyText style=\"TEXT-JUSTIFY: inter-ideograph; MARGIN: 0cm 0cm 0pt; TEXT-ALIGN: justify; tab-stops: 297.0pt\"><SPAN lang=EN-US style=\"FONT-SIZE: 10.5pt; mso-bidi-font-size: 12.0pt\"><o:p><FONT face=\"Times New Roman\">&nbsp;</FONT></o:p></SPAN></P>\r\n<P class=MsoBodyText style=\"TEXT-JUSTIFY: inter-ideograph; MARGIN: 0cm 0cm 0pt; TEXT-ALIGN: justify; tab-stops: 297.0pt\"><SPAN lang=EN-US style=\"FONT-SIZE: 10.5pt; mso-bidi-font-size: 12.0pt\"><o:p><FONT face=\"Times New Roman\">&nbsp;</FONT></o:p></SPAN></P>\r\n<P class=MsoBodyText style=\"TEXT-JUSTIFY: inter-ideograph; MARGIN: 0cm 0cm 0pt; TEXT-ALIGN: justify; tab-stops: 297.0pt\"><SPAN lang=EN-US style=\"FONT-SIZE: 10.5pt; mso-bidi-font-size: 12.0pt\"><o:p><FONT face=\"Times New Roman\">&nbsp;</FONT></o:p></SPAN></P>\r\n<P class=MsoBodyText style=\"TEXT-JUSTIFY: inter-ideograph; MARGIN: 0cm 0cm 0pt; TEXT-ALIGN: justify; tab-stops: 297.0pt\"><SPAN lang=EN-US style=\"FONT-SIZE: 10.5pt; mso-bidi-font-size: 12.0pt\"><o:p><FONT face=\"Times New Roman\">&nbsp;</FONT></o:p></SPAN></P>\r\n<P class=MsoBodyText style=\"TEXT-JUSTIFY: inter-ideograph; MARGIN: 0cm 0cm 0pt; TEXT-ALIGN: justify; tab-stops: 297.0pt\"><SPAN lang=EN-US style=\"FONT-SIZE: 10.5pt; mso-bidi-font-size: 12.0pt\"><o:p><FONT face=\"Times New Roman\">&nbsp;</FONT></o:p></SPAN></P>\r\n<P class=MsoBodyText style=\"TEXT-JUSTIFY: inter-ideograph; MARGIN: 0cm 0cm 0pt; TEXT-ALIGN: justify; tab-stops: 297.0pt\"><SPAN lang=EN-US style=\"FONT-SIZE: 10.5pt; mso-bidi-font-size: 12.0pt\"><o:p><FONT face=\"Times New Roman\">&nbsp;</FONT></o:p></SPAN></P>\r\n<P class=MsoBodyText style=\"TEXT-JUSTIFY: inter-ideograph; MARGIN: 0cm 0cm 0pt; TEXT-ALIGN: justify; tab-stops: 297.0pt\"><SPAN lang=EN-US style=\"FONT-SIZE: 10.5pt; mso-bidi-font-size: 12.0pt\"><o:p><FONT face=\"Times New Roman\">&nbsp;</FONT></o:p></SPAN></P>\r\n<P class=MsoBodyText style=\"TEXT-JUSTIFY: inter-ideograph; MARGIN: 0cm 0cm 0pt; TEXT-ALIGN: justify; tab-stops: 297.0pt\"><SPAN lang=EN-US style=\"FONT-SIZE: 10.5pt; mso-bidi-font-size: 12.0pt\"><o:p><FONT face=\"Times New Roman\">&nbsp;</FONT></o:p></SPAN></P>\r\n<P class=MsoBodyText style=\"TEXT-JUSTIFY: inter-ideograph; MARGIN: 0cm 0cm 0pt; TEXT-ALIGN: justify; tab-stops: 297.0pt\"><SPAN lang=EN-US style=\"FONT-SIZE: 10.5pt; mso-bidi-font-size: 12.0pt\"><o:p><FONT face=\"Times New Roman\">&nbsp;</FONT></o:p></SPAN></P></TD></TR>\r\n<TR style=\"HEIGHT: 24.1pt; mso-yfti-irow: 4\">\r\n<TD style=\"BORDER-RIGHT: windowtext 1.5pt solid; PADDING-RIGHT: 5.4pt; BORDER-TOP: #d4d0c8; PADDING-LEFT: 5.4pt; PADDING-BOTTOM: 0cm; BORDER-LEFT: windowtext 1.5pt solid; WIDTH: 482.4pt; PADDING-TOP: 0cm; BORDER-BOTTOM: windowtext 1pt solid; HEIGHT: 24.1pt; BACKGROUND-COLOR: transparent; mso-border-bottom-alt: .5pt; mso-border-top-alt: .5pt; mso-border-left-alt: 1.5pt; mso-border-right-alt: 1.5pt; mso-border-color-alt: windowtext; mso-border-style-alt: solid\" width=643 colSpan=6>\r\n<P class=MsoBodyText style=\"TEXT-JUSTIFY: inter-ideograph; MARGIN: 0cm 0cm 0pt; TEXT-ALIGN: justify; tab-stops: 297.0pt\"><SPAN style=\"FONT-SIZE: 10.5pt; FONT-FAMILY: 宋体; mso-bidi-font-size: 12.0pt; mso-ascii-font-family: \'Times New Roman\'; mso-hansi-font-family: \'Times New Roman\'\">检查意见：</SPAN><SPAN lang=EN-US style=\"FONT-SIZE: 10.5pt; mso-bidi-font-size: 12.0pt\"><o:p></o:p></SPAN></P>\r\n<P class=MsoBodyText style=\"TEXT-JUSTIFY: inter-ideograph; MARGIN: 0cm 0cm 0pt; TEXT-ALIGN: justify; tab-stops: 297.0pt\"><SPAN lang=EN-US style=\"FONT-SIZE: 10.5pt; mso-bidi-font-size: 12.0pt\"><o:p><FONT face=\"Times New Roman\">&nbsp;</FONT></o:p></SPAN></P>\r\n<P class=MsoBodyText style=\"TEXT-JUSTIFY: inter-ideograph; MARGIN: 0cm 0cm 0pt; TEXT-ALIGN: justify; tab-stops: 297.0pt\"><SPAN lang=EN-US style=\"FONT-SIZE: 10.5pt; mso-bidi-font-size: 12.0pt\"><o:p><FONT face=\"Times New Roman\">&nbsp;</FONT></o:p></SPAN></P>\r\n<P class=MsoBodyText style=\"TEXT-JUSTIFY: inter-ideograph; MARGIN: 0cm 0cm 0pt; TEXT-ALIGN: justify; tab-stops: 297.0pt\"><SPAN lang=EN-US style=\"FONT-SIZE: 10.5pt; mso-bidi-font-size: 12.0pt\"><o:p><FONT face=\"Times New Roman\">&nbsp;</FONT></o:p></SPAN></P>\r\n<P class=MsoBodyText style=\"TEXT-JUSTIFY: inter-ideograph; MARGIN: 0cm 0cm 0pt; TEXT-ALIGN: justify; tab-stops: 297.0pt\"><SPAN lang=EN-US style=\"FONT-SIZE: 10.5pt; mso-bidi-font-size: 12.0pt\"><o:p><FONT face=\"Times New Roman\">&nbsp;</FONT></o:p></SPAN></P>\r\n<P class=MsoBodyText style=\"TEXT-JUSTIFY: inter-ideograph; MARGIN: 0cm 0cm 0pt; TEXT-ALIGN: justify; tab-stops: 297.0pt\"><SPAN lang=EN-US style=\"FONT-SIZE: 10.5pt; mso-bidi-font-size: 12.0pt\"><o:p><FONT face=\"Times New Roman\">&nbsp;</FONT></o:p></SPAN></P>\r\n<P class=MsoBodyText style=\"TEXT-JUSTIFY: inter-ideograph; MARGIN: 0cm 0cm 0pt; TEXT-ALIGN: justify; tab-stops: 297.0pt\"><SPAN lang=EN-US style=\"FONT-SIZE: 10.5pt; mso-bidi-font-size: 12.0pt\"><o:p><FONT face=\"Times New Roman\">&nbsp;</FONT></o:p></SPAN></P>\r\n<P class=MsoBodyText style=\"TEXT-JUSTIFY: inter-ideograph; MARGIN: 0cm 0cm 0pt; TEXT-ALIGN: justify; tab-stops: 297.0pt\"><SPAN lang=EN-US style=\"FONT-SIZE: 10.5pt; mso-bidi-font-size: 12.0pt\"><o:p><FONT face=\"Times New Roman\">&nbsp;</FONT></o:p></SPAN></P>\r\n<P class=MsoBodyText style=\"TEXT-JUSTIFY: inter-ideograph; MARGIN: 0cm 0cm 0pt; TEXT-ALIGN: justify; tab-stops: 297.0pt\"><SPAN lang=EN-US style=\"FONT-SIZE: 10.5pt; mso-bidi-font-size: 12.0pt\"><o:p><FONT face=\"Times New Roman\">&nbsp;</FONT></o:p></SPAN></P>\r\n<P class=MsoBodyText style=\"TEXT-JUSTIFY: inter-ideograph; MARGIN: 0cm 0cm 0pt; TEXT-ALIGN: justify; tab-stops: 297.0pt\"><SPAN lang=EN-US style=\"FONT-SIZE: 10.5pt; mso-bidi-font-size: 12.0pt\"><o:p><FONT face=\"Times New Roman\">&nbsp;</FONT></o:p></SPAN></P></TD></TR>\r\n<TR style=\"HEIGHT: 24.1pt; mso-yfti-irow: 5; mso-yfti-lastrow: yes\">\r\n<TD style=\"BORDER-RIGHT: windowtext 1pt solid; PADDING-RIGHT: 5.4pt; BORDER-TOP: #d4d0c8; PADDING-LEFT: 5.4pt; PADDING-BOTTOM: 0cm; BORDER-LEFT: windowtext 1.5pt solid; WIDTH: 32.2pt; PADDING-TOP: 0cm; BORDER-BOTTOM: windowtext 1.5pt solid; HEIGHT: 24.1pt; BACKGROUND-COLOR: transparent; mso-border-bottom-alt: 1.5pt; mso-border-top-alt: .5pt; mso-border-left-alt: 1.5pt; mso-border-right-alt: .5pt; mso-border-color-alt: windowtext; mso-border-style-alt: solid\" width=43>\r\n<P class=MsoBodyText style=\"MARGIN: 0cm 0cm 0pt; tab-stops: 297.0pt\"><SPAN style=\"FONT-SIZE: 10.5pt; FONT-FAMILY: 宋体; mso-bidi-font-size: 12.0pt; mso-ascii-font-family: \'Times New Roman\'; mso-hansi-font-family: \'Times New Roman\'\">验收意见</SPAN><SPAN lang=EN-US style=\"FONT-SIZE: 10.5pt; mso-bidi-font-size: 12.0pt\"><o:p></o:p></SPAN></P></TD>\r\n<TD style=\"BORDER-RIGHT: windowtext 1pt solid; PADDING-RIGHT: 5.4pt; BORDER-TOP: #d4d0c8; PADDING-LEFT: 5.4pt; PADDING-BOTTOM: 0cm; BORDER-LEFT: #d4d0c8; WIDTH: 225.1pt; PADDING-TOP: 0cm; BORDER-BOTTOM: windowtext 1.5pt solid; HEIGHT: 24.1pt; BACKGROUND-COLOR: transparent; mso-border-bottom-alt: solid windowtext 1.5pt; mso-border-alt: solid windowtext .5pt; mso-border-top-alt: solid windowtext .5pt; mso-border-left-alt: solid windowtext .5pt\" width=300 colSpan=3>\r\n<P class=MsoBodyText style=\"TEXT-JUSTIFY: inter-ideograph; MARGIN: 0cm 0cm 0pt; TEXT-ALIGN: justify; tab-stops: 297.0pt\"><SPAN style=\"FONT-SIZE: 10.5pt; FONT-FAMILY: 宋体; mso-bidi-font-size: 12.0pt; mso-ascii-font-family: \'Times New Roman\'; mso-hansi-font-family: \'Times New Roman\'\">建设（监理）单位：</SPAN><SPAN lang=EN-US style=\"FONT-SIZE: 10.5pt; mso-bidi-font-size: 12.0pt\"><o:p></o:p></SPAN></P>\r\n<P class=MsoBodyText style=\"TEXT-JUSTIFY: inter-ideograph; MARGIN: 0cm 0cm 0pt; TEXT-ALIGN: justify; tab-stops: 297.0pt\"><SPAN lang=EN-US style=\"FONT-SIZE: 10.5pt; mso-bidi-font-size: 12.0pt\"><o:p><FONT face=\"Times New Roman\">&nbsp;</FONT></o:p></SPAN></P>\r\n<P class=MsoBodyText style=\"TEXT-JUSTIFY: inter-ideograph; MARGIN: 0cm 0cm 0pt; TEXT-ALIGN: justify; tab-stops: 297.0pt\"><SPAN lang=EN-US style=\"FONT-SIZE: 10.5pt; mso-bidi-font-size: 12.0pt\"><o:p><FONT face=\"Times New Roman\">&nbsp;</FONT></o:p></SPAN></P>\r\n<P class=MsoBodyText style=\"TEXT-JUSTIFY: inter-ideograph; MARGIN: 0cm 0cm 0pt; TEXT-ALIGN: justify; tab-stops: 297.0pt\"><SPAN lang=EN-US style=\"FONT-SIZE: 10.5pt; mso-bidi-font-size: 12.0pt\"><o:p><FONT face=\"Times New Roman\">&nbsp;</FONT></o:p></SPAN></P>\r\n<P class=MsoBodyText style=\"TEXT-JUSTIFY: inter-ideograph; MARGIN: 0cm 0cm 0pt; TEXT-ALIGN: justify; tab-stops: 297.0pt\"><SPAN lang=EN-US style=\"FONT-SIZE: 10.5pt; mso-bidi-font-size: 12.0pt\"><o:p><FONT face=\"Times New Roman\">&nbsp;</FONT></o:p></SPAN></P>\r\n<P class=MsoBodyText style=\"TEXT-JUSTIFY: inter-ideograph; MARGIN: 0cm 0cm 0pt; TEXT-ALIGN: justify; tab-stops: 297.0pt\"><SPAN lang=EN-US style=\"FONT-SIZE: 10.5pt; mso-bidi-font-size: 12.0pt\"><o:p><FONT face=\"Times New Roman\">&nbsp;</FONT></o:p></SPAN></P>\r\n<P class=MsoBodyText style=\"TEXT-JUSTIFY: inter-ideograph; MARGIN: 0cm 0cm 0pt; TEXT-ALIGN: justify; tab-stops: 297.0pt\"><SPAN style=\"FONT-SIZE: 10.5pt; FONT-FAMILY: 宋体; mso-bidi-font-size: 12.0pt; mso-ascii-font-family: \'Times New Roman\'; mso-hansi-font-family: \'Times New Roman\'\">专业负责人：</SPAN><SPAN lang=EN-US style=\"FONT-SIZE: 10.5pt; mso-bidi-font-size: 12.0pt\"><o:p></o:p></SPAN></P>\r\n<P class=MsoBodyText style=\"TEXT-JUSTIFY: inter-ideograph; MARGIN: 0cm 0cm 0pt; TEXT-ALIGN: justify; tab-stops: 297.0pt\"><SPAN lang=EN-US style=\"FONT-SIZE: 10.5pt; mso-bidi-font-size: 12.0pt\"><SPAN style=\"mso-spacerun: yes\"><FONT face=\"Times New Roman\">&nbsp;&nbsp;&nbsp;&nbsp;&nbsp;&nbsp;&nbsp;&nbsp;&nbsp;&nbsp;&nbsp;&nbsp;&nbsp;&nbsp;&nbsp;&nbsp;&nbsp;&nbsp;&nbsp;&nbsp;&nbsp; </FONT></SPAN></SPAN><SPAN style=\"FONT-SIZE: 10.5pt; FONT-FAMILY: 宋体; mso-bidi-font-size: 12.0pt; mso-ascii-font-family: \'Times New Roman\'; mso-hansi-font-family: \'Times New Roman\'\">年</SPAN><SPAN lang=EN-US style=\"FONT-SIZE: 10.5pt; mso-bidi-font-size: 12.0pt\"><SPAN style=\"mso-spacerun: yes\"><FONT face=\"Times New Roman\">&nbsp;&nbsp;&nbsp; </FONT></SPAN></SPAN><SPAN style=\"FONT-SIZE: 10.5pt; FONT-FAMILY: 宋体; mso-bidi-font-size: 12.0pt; mso-ascii-font-family: \'Times New Roman\'; mso-hansi-font-family: \'Times New Roman\'\">月</SPAN><SPAN lang=EN-US style=\"FONT-SIZE: 10.5pt; mso-bidi-font-size: 12.0pt\"><SPAN style=\"mso-spacerun: yes\"><FONT face=\"Times New Roman\">&nbsp;&nbsp;&nbsp; </FONT></SPAN></SPAN><SPAN style=\"FONT-SIZE: 10.5pt; FONT-FAMILY: 宋体; mso-bidi-font-size: 12.0pt; mso-ascii-font-family: \'Times New Roman\'; mso-hansi-font-family: \'Times New Roman\'\">日</SPAN><SPAN lang=EN-US style=\"FONT-SIZE: 10.5pt; mso-bidi-font-size: 12.0pt\"><o:p></o:p></SPAN></P></TD>\r\n<TD style=\"BORDER-RIGHT: windowtext 1.5pt solid; PADDING-RIGHT: 5.4pt; BORDER-TOP: #d4d0c8; PADDING-LEFT: 5.4pt; PADDING-BOTTOM: 0cm; BORDER-LEFT: #d4d0c8; WIDTH: 225.1pt; PADDING-TOP: 0cm; BORDER-BOTTOM: windowtext 1.5pt solid; HEIGHT: 24.1pt; BACKGROUND-COLOR: transparent; mso-border-top-alt: solid windowtext .5pt; mso-border-left-alt: solid windowtext .5pt\" width=300 colSpan=2>\r\n<P class=MsoBodyText style=\"TEXT-JUSTIFY: inter-ideograph; MARGIN: 0cm 0cm 0pt; TEXT-ALIGN: justify; tab-stops: 297.0pt\"><SPAN style=\"FONT-SIZE: 10.5pt; FONT-FAMILY: 宋体; mso-bidi-font-size: 12.0pt; mso-ascii-font-family: \'Times New Roman\'; mso-hansi-font-family: \'Times New Roman\'\">施工单位：</SPAN><SPAN lang=EN-US style=\"FONT-SIZE: 10.5pt; mso-bidi-font-size: 12.0pt\"><o:p></o:p></SPAN></P>\r\n<P class=MsoBodyText style=\"TEXT-JUSTIFY: inter-ideograph; MARGIN: 0cm 0cm 0pt; TEXT-ALIGN: justify; tab-stops: 297.0pt\"><SPAN lang=EN-US style=\"FONT-SIZE: 10.5pt; mso-bidi-font-size: 12.0pt\"><o:p><FONT face=\"Times New Roman\">&nbsp;</FONT></o:p></SPAN></P>\r\n<P class=MsoBodyText style=\"TEXT-JUSTIFY: inter-ideograph; MARGIN: 0cm 0cm 0pt; TEXT-ALIGN: justify; tab-stops: 297.0pt\"><SPAN lang=EN-US style=\"FONT-SIZE: 10.5pt; mso-bidi-font-size: 12.0pt\"><o:p><FONT face=\"Times New Roman\">&nbsp;</FONT></o:p></SPAN></P>\r\n<P class=MsoBodyText style=\"TEXT-JUSTIFY: inter-ideograph; MARGIN: 0cm 0cm 0pt; TEXT-ALIGN: justify; tab-stops: 297.0pt\"><SPAN lang=EN-US style=\"FONT-SIZE: 10.5pt; mso-bidi-font-size: 12.0pt\"><o:p><FONT face=\"Times New Roman\">&nbsp;</FONT></o:p></SPAN></P>\r\n<P class=MsoBodyText style=\"TEXT-JUSTIFY: inter-ideograph; MARGIN: 0cm 0cm 0pt; TEXT-ALIGN: justify; tab-stops: 297.0pt\"><SPAN lang=EN-US style=\"FONT-SIZE: 10.5pt; mso-bidi-font-size: 12.0pt\"><o:p><FONT face=\"Times New Roman\">&nbsp;</FONT></o:p></SPAN></P>\r\n<P class=MsoBodyText style=\"TEXT-JUSTIFY: inter-ideograph; MARGIN: 0cm 0cm 0pt; TEXT-ALIGN: justify; tab-stops: 297.0pt\"><SPAN lang=EN-US style=\"FONT-SIZE: 10.5pt; mso-bidi-font-size: 12.0pt\"><o:p><FONT face=\"Times New Roman\">&nbsp;</FONT></o:p></SPAN></P>\r\n<P class=MsoBodyText style=\"TEXT-JUSTIFY: inter-ideograph; MARGIN: 0cm 0cm 0pt; TEXT-ALIGN: justify; tab-stops: 297.0pt\"><SPAN style=\"FONT-SIZE: 10.5pt; FONT-FAMILY: 宋体; mso-bidi-font-size: 12.0pt; mso-ascii-font-family: \'Times New Roman\'; mso-hansi-font-family: \'Times New Roman\'\">项目技术负责人：</SPAN><SPAN lang=EN-US style=\"FONT-SIZE: 10.5pt; mso-bidi-font-size: 12.0pt\"><o:p></o:p></SPAN></P>\r\n<P class=MsoBodyText style=\"TEXT-JUSTIFY: inter-ideograph; MARGIN: 0cm 0cm 0pt; TEXT-ALIGN: justify; tab-stops: 297.0pt\"><SPAN lang=EN-US style=\"FONT-SIZE: 10.5pt; mso-bidi-font-size: 12.0pt\"><FONT face=\"Times New Roman\"><SPAN style=\"mso-spacerun: yes\">&nbsp;</SPAN><SPAN style=\"mso-spacerun: yes\">&nbsp;&nbsp;&nbsp;&nbsp;&nbsp;&nbsp;&nbsp;&nbsp;&nbsp;&nbsp;&nbsp;&nbsp;&nbsp;&nbsp;&nbsp;&nbsp;&nbsp;&nbsp;&nbsp;&nbsp; </SPAN></FONT></SPAN><SPAN style=\"FONT-SIZE: 10.5pt; FONT-FAMILY: 宋体; mso-bidi-font-size: 12.0pt; mso-ascii-font-family: \'Times New Roman\'; mso-hansi-font-family: \'Times New Roman\'\">年</SPAN><SPAN lang=EN-US style=\"FONT-SIZE: 10.5pt; mso-bidi-font-size: 12.0pt\"><SPAN style=\"mso-spacerun: yes\"><FONT face=\"Times New Roman\">&nbsp;&nbsp;&nbsp; </FONT></SPAN></SPAN><SPAN style=\"FONT-SIZE: 10.5pt; FONT-FAMILY: 宋体; mso-bidi-font-size: 12.0pt; mso-ascii-font-family: \'Times New Roman\'; mso-hansi-font-family: \'Times New Roman\'\">月</SPAN><SPAN lang=EN-US style=\"FONT-SIZE: 10.5pt; mso-bidi-font-size: 12.0pt\"><SPAN style=\"mso-spacerun: yes\"><FONT face=\"Times New Roman\">&nbsp;&nbsp;&nbsp; </FONT></SPAN></SPAN><SPAN style=\"FONT-SIZE: 10.5pt; FONT-FAMILY: 宋体; mso-bidi-font-size: 12.0pt; mso-ascii-font-family: \'Times New Roman\'; mso-hansi-font-family: \'Times New Roman\'\">日</SPAN><SPAN lang=EN-US style=\"FONT-SIZE: 10.5pt; mso-bidi-font-size: 12.0pt\"><o:p></o:p></SPAN></P></TD></TR>\r\n<TR height=0>\r\n<TD style=\"BORDER-RIGHT: #d4d0c8; BORDER-TOP: #d4d0c8; BORDER-LEFT: #d4d0c8; BORDER-BOTTOM: #d4d0c8; BACKGROUND-COLOR: transparent\" width=43></TD>\r\n<TD style=\"BORDER-RIGHT: #d4d0c8; BORDER-TOP: #d4d0c8; BORDER-LEFT: #d4d0c8; BORDER-BOTTOM: #d4d0c8; BACKGROUND-COLOR: transparent\" width=70></TD>\r\n<TD style=\"BORDER-RIGHT: #d4d0c8; BORDER-TOP: #d4d0c8; BORDER-LEFT: #d4d0c8; BORDER-BOTTOM: #d4d0c8; BACKGROUND-COLOR: transparent\" width=216></TD>\r\n<TD style=\"BORDER-RIGHT: #d4d0c8; BORDER-TOP: #d4d0c8; BORDER-LEFT: #d4d0c8; BORDER-BOTTOM: #d4d0c8; BACKGROUND-COLOR: transparent\" width=15></TD>\r\n<TD style=\"BORDER-RIGHT: #d4d0c8; BORDER-TOP: #d4d0c8; BORDER-LEFT: #d4d0c8; BORDER-BOTTOM: #d4d0c8; BACKGROUND-COLOR: transparent\" width=98></TD>\r\n<TD style=\"BORDER-RIGHT: #d4d0c8; BORDER-TOP: #d4d0c8; BORDER-LEFT: #d4d0c8; BORDER-BOTTOM: #d4d0c8; BACKGROUND-COLOR: transparent\" width=202></TD></TR></TBODY></TABLE></P>\r\n<P class=MsoBodyText style=\"MARGIN: 7.8pt 0cm 0pt; TEXT-INDENT: 12.05pt; tab-stops: 297.0pt; mso-para-margin-top: .5gd; mso-char-indent-count: 1.0\"><B><SPAN lang=EN-US><SPAN style=\"mso-spacerun: yes\"><FONT face=\"Times New Roman\" size=3>&nbsp;&nbsp;&nbsp;&nbsp;&nbsp;&nbsp;&nbsp;&nbsp;&nbsp;&nbsp;&nbsp;&nbsp;&nbsp;&nbsp;&nbsp;&nbsp;&nbsp;&nbsp;&nbsp;&nbsp;&nbsp;&nbsp;&nbsp;&nbsp;&nbsp;&nbsp;&nbsp;&nbsp;&nbsp;&nbsp;&nbsp;&nbsp;&nbsp;&nbsp;&nbsp;&nbsp;&nbsp;&nbsp;&nbsp;&nbsp;&nbsp;&nbsp;&nbsp;&nbsp;&nbsp; </FONT></SPAN></SPAN></B><B><SPAN style=\"FONT-SIZE: 9pt; FONT-FAMILY: 宋体; mso-bidi-font-size: 12.0pt; mso-ascii-font-family: \'Times New Roman\'; mso-hansi-font-family: \'Times New Roman\'\">山东省建设工程质量监督总站监制</SPAN></B><B><SPAN lang=EN-US style=\"FONT-SIZE: 11pt; mso-bidi-font-size: 12.0pt\"><o:p></o:p></SPAN></B></P>\r\n<TABLE style=\"BORDER-RIGHT: #cccccc 1px dotted; TABLE-LAYOUT: fixed; BORDER-TOP: #cccccc 1px dotted; BORDER-LEFT: #cccccc 1px dotted; BORDER-BOTTOM: #cccccc 1px dotted\" cellSpacing=0 cellPadding=6 width=\"95%\" align=center border=0>\r\n<TBODY>\r\n<TR>\r\n<TD style=\"WORD-WRAP: break-word\" bgColor=#fdfddf><FONT style=\"FONT-WEIGHT: bold; COLOR: #990000\">以下是代码片段：</FONT><BR>请输入代码片段</TD></TR></TBODY></TABLE>\r\n<P>&nbsp;</P>\r\n<P>&nbsp;</P>','Ok3w新闻发布系统','Ok3w新闻发布系统','2009-04-24 20:50:22','1',0,'',1,0,0,0,0,0,2),(45,1,101,'0,95,101,','ASP新闻系统测试中[4-24]','<P>ASP新闻系统测试中</P>\r\n<P>ASP新闻系统测试中</P>\r\n<P>ASP新闻系统测试中</P>\r\n<P>ASP新闻系统测试中</P>','Ok3w新闻发布系统','Ok3w新闻发布系统','2009-04-24 22:34:21','1',0,'',1,0,0,0,0,0,1),(46,1,101,'0,95,101,','Ok3w ASP新闻发布系统功能简介','<p>专注于ASP新闻发布系统开发，力求功能实用，操作方便，运行高效。</p>\r\n\r\n<p><strong>主要功能：</strong><br />\r\n一、后台直接更新系统信息，方便配置站点；<br />\r\n二、数据库在线压缩、备份；<br />\r\n三、友情链接管理；<br />\r\n四、站点介绍类文章任意添加；<br />\r\n五、新闻文章管理：<br />\r\n5.1、无级限分类；<br />\r\n5.2、加入回收站功能，减少无意删除的烦恼；<br />\r\n5.3、自由设置新闻开关、推荐与否；<br />\r\n5.4、特别整理了一套HTML编辑器，提高编辑器加载速度，方便文章自由编辑；<br />\r\n5.5、发布滚动新闻；<br />\r\n5.6、发布图片轮播新闻。</p>\r\n\r\n<p><strong>调用说明：</strong><br />\r\n一、开源系统，采用Class模板，方便二次开发；<br />\r\n二、函数调用说明另见帮助文件，方便自行设计页面。</p>\r\n\r\n<p><strong>后台登陆：</strong><br />\r\n地址：Admin/ad_login.asp<br />\r\n用户名：admin<br />\r\n密码：admin</p>\r\n\r\n<p>由于时间仓促，v1.0版功能比较单一，在下一版，预计加入会员管理、留言管理、模板自定义以及全站静态化等功能。</p>\r\n\r\n<p>更多说明及在线帮助，请看：<a href=\"http://www.glzy8.com/ok3w/\">http://www.glzy8.com/ok3w/</a></p>\r\n','Ok3w新闻发布系统','Ok3w新闻发布系统','2009-04-24 22:36:02',NULL,0,'',1,0,0,0,0,0,1),(47,1,101,'0,95,101,','正式发布ASP新闻发布系统：Ok3w 1.0','<P>正式发布ASP新闻发布系统：Ok3w 1.0</P>\r\n<P>正式发布ASP新闻发布系统：Ok3w 1.0</P>\r\n<P>正式发布ASP新闻发布系统：Ok3w 1.0</P>\r\n<P>正式发布ASP新闻发布系统：Ok3w 1.0</P>','Ok3w新闻发布系统','Ok3w新闻发布系统','2009-04-24 23:02:22','1',0,'',1,0,0,0,0,0,2),(48,1,101,'0,95,101,','ASP新闻发布系统 v1.0','<IMG alt=\"\" src=\"/webPortals/upfiles/e/20090424230423.jpg\" align=absMiddle border=0>','Ok3w新闻发布系统','Ok3w新闻发布系统','2009-04-24 23:04:10','1',1,'/webPortals/upfiles/e/20090424230423.jpg',1,0,0,0,0,0,6),(49,1,106,'0,102,106,','网络安全','<p>网络安全很重要。</p>\r\n','Ok3w新闻发布系统','Ok3w新闻发布系统','2009-04-24 23:09:23',NULL,0,'',1,0,0,0,0,0,4),(51,1,96,'0,95,96,','支持3G功能 Linux推Ubuntu 9.04三版本','<P>Canonical周一（4/20）对外宣布正式推出Ubuntu9.04版（桌面、服务器、以及笔记本）。其中，桌面版和服务器版可从4/23日开始免费下载，而笔记本版本Ubuntu9.04NetbookRemix则是从4/30日起。</P>\r\n<P><STRONG>桌面版和便携式版</STRONG></P>\r\n<P>Canonical强调，9.04桌面版新增了多项可改善使用者体验的增强特性，包括仅需25秒的开机速度、增强的待机─恢复功能、Wi-Fi和3G间的智能切换，以及可支持更多款的无线装置和3G网卡等。</P>\r\n<P>此次推出的全新桌面版版本是将是Ubuntu迈向主流PC使用者的重要一步，Canonical运营高管JaneSilber表示，透过提供最新的字处理套件、支持Skype和AdobeFlash、更短的开机时间等。</P>\r\n<P>Ubuntu9.04可提供OpenOffice.org3.0，这是可与微软Office软件兼容的文书套件。</P>\r\n<P>关于笔记本版Ubuntu9.04NetbookRemix，Canonical表示，它具备更快开机速度、增强的电源管理、智能式网络切换等功能，能够满足使用者的需求。</P>\r\n<P>用户可以从Ubuntu.com网站上，直接将NetbookRemix下载下来安装。目前已经完成9.04 NetbookRemix测试的笔记本产品包括：宏碁AspireOne、华硕EeePC1000、戴尔Mini9，及ToshibaNB100。</P>\r\n<P><STRONG>服务器版</STRONG></P>\r\n<P>在服务器方面，9.04版能让企业更有效地部署和管理日常工作，诸如网站搭建、打印、数据库、邮件服务器等。增强功能包括，具备最新KVM特性的虚拟化技术、Samba文件服务器的支持、以及整合Dovecot-Postfix的简易邮件服务器设置等。</P>\r\n<P>目前Canonical已与包括IBM、戴尔、惠普等多家公司合作，提供45款中端服务器进行Ubuntu9.04版的移植工作评测。</P>\r\n<P>此外，Ubuntu9.04服务器版也支持UbuntuEnterpriseCloud(UEC)，这是第一个能够在企业防火墙内建置云端环境的商业化Linux版本。同时，在去年成功推出测试版本后，Ubuntu9.04现已能完全支持AmazonElasticComputeCloud(EC2)。UEC采用Eucalyptus开放源码系统，可使企业测试与部署符合AmazonEC2API的私有云端。</P>','Ok3w新闻发布系统','Ok3w新闻发布系统','2009-04-25 00:28:50','1',0,'',1,0,0,0,0,0,2),(52,1,96,'0,95,96,','Office 2007 SP2 4月28日发布','<P>&nbsp;&nbsp;&nbsp; 微软 Office 官方博客消息，他们将在2009年4月28日发行Microsoft Office 2007 SP2更新，整体套件的主要更新如下所列：</P>\r\n<P>&nbsp;&nbsp;&nbsp; Service Pack 2 支持 ODF 1.1 版本文件格式。<BR>&nbsp;&nbsp;&nbsp; 首次支持通过 Microsoft Service Pack Uninstall Tool(单独下载)卸载更新程序，也可以通过Windows Installer 命令行来卸载。<BR>&nbsp;&nbsp;&nbsp; 内置另存为 PDF 或 XPS 文档功能。<BR>&nbsp;&nbsp;&nbsp; 增强大量图片情况下的性能。<BR>&nbsp;&nbsp;&nbsp; 在很多情景下改进了图像的打印精确度。&nbsp;<BR>&nbsp;&nbsp;&nbsp; 改仅通用性，使用标准的 DrawingML 标记来描述SmartArt 图像的属性。<BR><BR>&nbsp;&nbsp;&nbsp; SP2 经测试支持 Internet Explorer 8、Windows Vista SP2、Windows Server 2008 SP2、Windows 7和Windows Server 2008 R2 。</P>','Ok3w新闻发布系统','Ok3w新闻发布系统','2009-04-25 00:32:49','1',0,'',1,0,0,0,0,0,0),(53,1,96,'0,95,96,','UCenter Home发布1年来SNS建站突破13万','<SPAN class=bold>UCenter Home发布一周年 普及SNS建站突破13万</SPAN><BR><BR>\r\n<DIV class=t_msgfont id=message106979>2009年4月19日，国内专业SNS建站产品UCenter Home正式发布一周年。据康盛创想(Comsenz)官方数据统计表明，当前应用UCenter Home的网站已经突破13万家。<BR><BR>康盛创想作为全球领先的互联网社区软件及服务平台提供商，自2001年诞生至今，已经走过了八年的发展历程，一直引领着中国网络社区应用的发展潮流。2008年4月19日，康盛创想创新性的推出了UCenter Home软件，2008年4月21日正式提供产品下载。以落伍者站长俱乐部(im286.net)为代表的一大批凝聚草根力量SNS在国内快速兴起，引发了国内SNS的普及浪潮。<BR><BR>UCenter Home是一款采用PHP+MYSQL构建的社会化网络软件(Social Network Software，简称SNS)。它基于六度关系理论，结合了国内Web2.0社区和社交网络服务平台的特点，是创新型的SNS建站产品。UCenter Home强调“家”的理念，具有日志、相册、群组、迷你博客、应用等专业SNS标准应用模块，是中国最知名的专业SNS软件之一，也是国内用户量最大、覆盖面最广泛的开源SNS建站产品。<BR><BR>UCenter Home以UCenter为多应用交换中心，既可以独立运作，又可以实现与多个应用挂接，包括Discuz!论坛、SupeSite资讯等。UCenter Home依托强大灵活的漫游(Manyou)开放平台推出第三方应用服务。漫游开放平台作为UCenter Home网站的开放平台应用开发标准(API)，为UCenter Home网站用户提供各种个性化的互联网应用。UCenter Home站点可以自主开启开放平台第三方应用功能，用户可以自由选择各种不同的或好玩有趣、或实用的应用在站内进行使用。如朋友友买卖、争车位、开心农场、德克萨斯扑克等应用得到了广大用户的喜爱。<BR><BR>伴随着UCenter Home发布一周年，越来越多的大型网站通过UCenter Home提供专业的SNS服务。例如天极传媒旗下比特网（chinabyte.com）推出SNS服务比特邦，如TechWeb创建的同事录社区（tongshilu.com），编牛士推出的互联网非官方（fgf.bianews.com），艺龙旅行网主办的老虎旅游网(lohoo.com)，等等，已经成为国内SNS普及应用的中坚力量。香港的生活易(esdlife.com)是由和记黄埔及惠普香港合资成立的双语网站，其SNS频道也采用UCenter Home搭建，已经成为香港地区最具人气的社交网站(SNS)之一。<BR><BR>当前，通过国家版权局审核并注册登记的UCenter Home已经成为国产软件创新的典范。2009年4月18日，在北京举办“2009中国软件技术英雄会”（hero2009.csdn.net）上，康盛创想自主研发的UCenter Home软件获得“国产软件创新奖”，得到赞会者的高度赞赏，受到互联网业界的普遍认可。</DIV>','Ok3w新闻发布系统','Ok3w新闻发布系统','2009-04-25 00:33:24','1',0,'',1,0,0,0,0,0,0),(54,1,96,'0,95,96,','甲骨文收购Sun究竟能得到什么','<P>北京时间4月20日消息，甲骨文和Sun微系统公司联合宣布，甲骨文将以74亿美元收购Sun。ZDnet发表Larry Dignan、Sam Diaz、Tom Steinert三位博客主的联合分析文章。</P>\r\n<P>甲骨文究竟想从Sun那里获得什么？ <BR><BR>　　文章认为： <BR><BR>　　1，甲骨文通过购得Java可以向IBM多要钱； <BR><BR>　　2，甲骨文会雪藏开源数据库MySQL。埃里森不会让开源的MySQL填补Oracle数据库的空白； <BR><BR>　　3，Sun的用户基础很大，可以以此推销更多的Oracle软件； <BR><BR>　　4，Oracle的数据运行在Sun的Solaris系统上。通过购得Solaris，甲骨文可以优化系统，并以此收取更多费用； <BR><BR>　　5，就硬件部分而言，Sun的制造部分基本是外包，因此没有太多诸如厂房、设备和工人的负担。如果Oracle想削减硬件业务会相对容易。 <BR><BR>　　甲骨文收购Sun的目标是下一代数据中心。 <BR><BR>　　现在在数据中心各大巨头中，排名分别为：IBM、惠普、思科、戴尔、甲骨文以及Juniper、EMC、VMware等等。 <BR><BR>　　收购后，甲骨文将着眼于现有甲骨文和Sun共同的用户。这将会扩大数据中心市场的份额。 <BR><BR>　　收购Sun的交易性价比高 <BR><BR>　　甲骨文曾先后收购PeopleSoft、Hyperion和Siebel三家公司，其中PeopleSoft收购价为103亿美元，Siebel为58亿美元，Hyperion为33亿美元。相比之下，Sun的交易更划算。</P>','Ok3w新闻发布系统','Ok3w新闻发布系统','2009-04-25 00:33:50','1',0,'',1,0,0,0,0,0,1),(55,1,96,'0,95,96,','百度个性化首页正式推出 部分模块只能IE浏览','<P>此前3月份业界传闻百度内测个性化页面，其内测页面被爆出，近期，这一传言得到验证，百度个性化首页已经推出。</P>\r\n<P>百度的个性化首页的地址为my.baidu.com，此页面样式与此前传闻样式一致。</P>\r\n<P>百度的个性化首页，支持多个标签页，模块可在标签页间灵活拖拽；可以定制您感兴趣的RSS，汇聚丰富信息尽知天下事；增加了6款精美皮肤，尽情定制属于自己的个性样式；建立模块分享库，更多丰富内容任你自由添加。</P>\r\n<P>百度的个性化首页提供了各类新闻、视频推荐、音乐推荐、日历等常用信息模块，并提供添加模块修改样式等功能，iGoogle的“标签”也在百度个性化首页中得以实现。</P>\r\n<P>百度的个性化首页目前有一个比较重大的缺陷，就是其“热门浏览”模块，只能够在IE浏览器下打开。笔者使用的是火狐浏览器，该模块无法加载显示。</P>\r\n<P>百度的个性化首页和谷歌个性化首页大同小异。谷歌个性化首页地址为www.google.com/ig，使用igoogle.com即可到达，谷歌个性化首页中文地址为www.google.cn/ig/china 。</P>\r\n<P>截至目前，国内搜索引擎提供个性化首页的有三家，百度、谷歌中国和网易有道（www.youdao.com）。</P>','Ok3w新闻发布系统','Ok3w新闻发布系统','2009-04-25 00:34:21','1',0,'',1,0,0,0,0,0,12),(56,1,103,'0,102,103,','为您解析Flash软件漏洞的SWF挂马方式','　　SWF挂马出现得比较早，以前主要是利用系统漏洞传播，这种方式跟很多挂马方式相差无几，所以并不出众。直到利用Flash软件漏洞的SWF挂马方式出现后，才迅速蹿红，成为主流的挂马方式之一。为什么利用Flash软件漏洞的SWF挂马方式会这么厉害呢？下文将一一解答。 <BR><BR>　　金山李铁军：资深安全工程师，有十余年反病毒经历。 <BR><BR>　　SWF挂马的危害性很大，为什么这么说呢？它有两个优势：第一个优势是，使用SWF文件格式的Flash有着庞大的安装量，用户基数大，潜在的可能被黑的用户量就大。每当Flash新漏洞一出现，SWF挂马就会沉渣泛起。 <BR><BR>　　第二个优势就是，播放SWF文件是很正常的行为，不会引起用户的警觉，这样挂马的隐蔽性就会非常高。当然，这种挂马方式的缺点也非常明显，在大多数用户安装了补丁后，成功率就会大大降低。 <BR><BR>　　安全百科：SWF是AdobeFlash在网络中播放时使用的文件格式，也是动画制作完成后生成的最终格式。Flash的普及程度相当高，绝大部分的网友为了浏览SWF文件而安装它。 <BR><BR>　　<STRONG>揭示SWF挂马优势</STRONG> <BR><BR>　　为什么黑客会钟情SWF挂马呢？因为SWF文件对应的Flash动画播放软件是装机必备的标准软件之一，如果能够挖掘到Flash中的漏洞，再配合网页进行挂马，自然会肉鸡成群。此外，许多人会定期更新Windows的补丁，但是常用软件却很少进行更新，这就造成了Flash这样的漏洞受到黑客的追捧与欢迎。 <BR><BR>　　黑客选择使用Flash的SWF文件挂马，就如同以前的毒奶粉事件一样，虽然消费者都很信任正规厂商的奶粉，避免通过其他渠道购买奶粉。但是真奶粉由于自己的质检漏洞等问题，导致了奶粉中含有有毒成分，最终毒害了消费者。 <BR><BR>　　Flash动画也是如此，很多用户相信Flash，都会进行安装，但是由于Flash播放控件也存在漏洞，导致用户虽然安装了无毒的Flash控件，但是一样会遇到利用Flash控件漏洞挂马的网页。 <BR><BR>　　安全八卦：Flash漏洞曝光后，虽然补丁程序及时发布了，但是仍然有数百万台没有及时更新安全补丁的电脑被植入木马。此外，一些恶意网站也趁火打劫，不管访问者是否更新了安全补丁，都要求更新网站提供的所谓的安全补丁，其实是病毒。 <BR><BR>　　<STRONG>SWF挂马攻防实录</STRONG> <BR><BR>　　攻主流的SWF挂马都是通过Flash漏洞实现的。黑客下载一个恶意的SWF文件，用写字板打开，找到EXE文件链接的地址。黑客只需要将该链接地址修改成自己指定的木马下载地址，再上传到网站即可。 <BR><BR>防安全工程师在处理SWF挂马时，首先升级Flash的版本，打上相关的安全补丁，堵住安全漏洞，并会使用一些监控工具，监控公司客户机常用软件的升级情况。此外，还可以使用一些能拦截网页挂马的安全辅助工具等。 <BR><BR>　　安全八卦：由于Flash漏洞的危害性，当漏洞利用程序出现时，在黑客圈甚至被炒到数万元，但仍不乏购买者。与此同时，Flash漏洞的曝光，也让黑客圈内的肉鸡交易再次火爆，在黑客常用的IRC聊天频道中，肉鸡以数千甚至上万的数量进行批量交易。','Ok3w新闻发布系统','Ok3w新闻发布系统','2009-04-25 00:41:14','1',0,'',1,0,0,0,0,0,1),(57,1,103,'0,102,103,','使用IE浏览器时如何防御网站被Clickjacking攻击','Clickjacking （点击劫持）是近期新发现的一种浏览器攻击手段，危害极大。 黑客可以通过该方法控制用户的浏览器点击行为：用户点击链接、按钮或者网上任意的东西都可能被引导至其他地址。黑客可以利用\"clickjacking\"控制摄像头和麦克风，窥探用户隐私，在用户机器上植入病毒木马。 <BR><BR>IE8 针对Clickjacking 增加对Clickjacking攻击的防御功能。 只要你的服务器的HTTP response 里面加入X-FRAME-OPTIONS: DENY ，该功能就会被开启。 <BR><BR>ASP.NET 示例代码：<BR><BR>this.Response.Headers[\"X-FRAME-OPTIONS\"] = \"DENY\"; <BR><BR>你也可以在IIS 里面设置该选项。','Ok3w新闻发布系统','Ok3w新闻发布系统','2009-04-25 00:42:37','1',0,'',1,0,0,0,0,0,0),(58,1,103,'0,102,103,','网络安全教程:抵御远程访问的入侵','<P>随着信息化办公的普及，远程访问的需求也水涨船高。一些远程访问工具，也纷纷面世。如电子邮件、FTP、远程桌面等工具为流离在外的企业员工，提供了访问企业内部网络资源的渠道。</P>\r\n<P>但是，对企业内部网络资源的远程访问增加了企业网络的脆弱性，产生了许多安全隐患。因为大多数提供远程访问的应用程序本身并不具备内在的安全策略，也没有提供独立的安全鉴别机制。或者说，需要依靠其他的安全策略，如IPSec技术或者访问控制列表来保障其安全性。所以，远程访问增加了企业内部网络被攻击的风险。笔者在这里试图对常见的远程入侵方式进行分析总结，跟大家一起来提高远程访问的安全性。</P>\r\n<P><STRONG>一、针对特定服务的攻击</STRONG></P>\r\n<P>企业往往会在内部网络中部署一些HTTP、FTP服务器。同时，通过一定的技术，让员工也可以从外部访问这些服务器。而很多远程访问攻击，就是针对这些服务所展开的。诸如这些支持SMTP、POP等服务的应用程序，都有其内在的安全隐患。给入侵者开了一道后门。</P>\r\n<P>如WEB服务器是企业常用的服务。可惜的是，WEB服务器所采用的HTTP服务其安全性并不高。现在通过攻击WEB服务器而进行远程访问入侵的案例多如牛毛。入侵者通过利用WEB服务器和操作系统存在的缺陷和安全漏洞，可以轻易的控制WEB服务器并得到WEB内容的访问权限。如此，入侵者得手之后，就可以任意操作数据了。即可以在用户不知情的情况下秘密窃取数据，也可以对数据进行恶意更改。</P>\r\n<P>针对这些特定服务的攻击，比较难于防范。但是，并不是一点对策都没有。采取一些有效的防治措施，仍然可以在很大程度上避免远程访问的入侵。如采取如下措施，可以起到一些不错的效果。</P>\r\n<P>一、是采用一些更加安全的服务。就拿WEB服务器来说吧。现在支持WEB服务器的协议主要有两种，分别为HTTP与HTTPS。其中HTTP协议的漏洞很多，很容易被入侵者利用，成为远程入侵企业内部网络的跳板。而HTTPS则相对来说安全的多。因为在这个协议中，加入了一些安全措施，如数据加密技术等等。在一定程度上可以提高WEB服务器的安全性。所以，网络安全人员在必要的时候，可以采用一些比较安全的协议。当然，天下没有免费的午餐。服务器要为此付出比较多的系统资源开销。</P>\r\n<P>二、是对应用服务器进行升级。其实，很多远程服务攻击，往往都是因为应用服务器的漏洞所造成的。如常见的WEB服务攻击，就是HTTP协议与操作系统漏洞一起所产生的后果。如果能够及时对应用服务器操作系统进行升级，把操作系统的漏洞及时补上去，那么就可以提高这些服务的安全性，防治他们被不法之人所入侵。</P>\r\n<P>三、是可以选择一些有身份鉴别功能的服务。如TFTP、FTP都是用来进行文件传输的协议。可以让企业内部用户与外部访问者之间建立一个文件共享的桥梁。可是这两个服务虽然功能类似，但是安全性上却差很远。TFTP是一个不安全的协议，他不提供身份鉴别贡呢功能。也就是说，任何人只要能够连接到TFTP服务器上，就可以进行访问。而FTP则提供了一定的身份验证功能。虽然其也允许用户匿名访问，但是只要网络安全人员限制用户匿名访问，那么就可以提高文件共享的安全性。</P>\r\n<P><STRONG>二、针对远程节点的攻击</STRONG></P>\r\n<P>远程节点的访问模式是指一台远程计算机连接到一个远程访问服务器上，并访问其上面的应用程序。如我们可以通过Telent或者SSH技术远程登陆到路由器中，并执行相关的维护命令，还可以远程启动某些程序。在远程节点的访问模式下，远程服务器可以为远程用户提供应用软件和本地存储空间。现在远程节点访问余越来越流行。不过，其安全隐患也不小。</P>\r\n<P>一是增强了网络设备等管理风险。因为路由器、邮箱服务器等等都允许远程管理。若这些网络设备的密码泄露，则即使在千里之外的入侵者，仍然可以通过远程节点访问这些设备。更可怕的是，可以对这些设备进行远程维护。如入侵者可以登陆到路由器等关键网络设备，并让路由器上的安全策略失效。如此的话，就可以为他们进一步攻击企业内部网络扫清道路。而有一些人即使不攻击企业网络，也会搞一些恶作剧。如笔者以前就遇到过，有人入侵路由器后，“燕过留声，人过留名”。入侵者竟然把路由器的管理员密码更改了。这让我郁闷了好久。所以如果网络安全管理人员允许管理员进行远程节点访问，那么就要特别注意密码的安全性。要为此设立比较复杂的密码，并经常更换。</P>\r\n<P>二是采取一些比较安全的远程节点访问方法。如对于路由器或者其他应用服务器进行远程访问的话，往往即可以通过HTTP协议，也可以通过SSH协议进行远程节点访问。他们的功能大同小异。都可以远程执行服务器或者路由器上的命令、应用程序等等。但是，他们的安全性上就有很大的差异。Telent服务其安全性比较差，因为其无论是密码还是执行代码在网络中都是通过明文传输的。如此的话，其用户名与密码泄露的风险就比较大。如别有用心的入侵者可以通过网络侦听等手段窃取网络中明文传输的用户名与密码。这会给这些网络设备带来致命的打击。而SSH协议则相对来说比较安全，因为这个服务在网络上传输的数据都是加密处理过的。它可以提高远程节点访问的安全性。像Cisco公司提供的网络设备，如路由器等等，还有Linux基础上的服务器系统，默认情况下，都支持SSH服务。而往往会拒绝启用Telent服务等等。这也主要是出于安全性的考虑。不过基于微软的服务器系统，其默认情况下，支持Telent服务。不过，笔者建议，大家还是采用SSH服务为好。其安全性更高。</P>\r\n<P><STRONG>三、针对远程控制的攻击</STRONG></P>\r\n<P>远程控制是指一个远程用户控制一台位于其他地方的计算机。这台计算机可能是有专门用途的服务器系统，也可能是用户自己的计算机。他跟远程节点访问类似，但又有所不同。当用户通过远程节点访问服务器，则用户自己并不知道有人在访问自己。而通过远程控制访问的话，则在窗口中可以直接显现出来。因为远程用户使用的计算机只是作为键盘操作和现实之用，远程控制限制远程用户只能够使用驻留在企 控制的计算机上的软件程序。如像QQ远程协助，就是远程控制的一种。</P>\r\n<P>相对来说，远程控制要比节点访问安全性高一点。如一些远程控制软件往往会提供加强的审计和日志功能。有些远程控制软件，如QQ远程协助等，他们还需要用户提出请求，对方才能够进行远程控制。但是，其仍然存在一些脆弱性。</P>\r\n<P>一是只需要知道用户名与口令，就可以开始一个远程控制会话。也就是说，远程控制软件只会根据用户名与密码来进行身份验证。所以，如果在一些关键服务器上装有远程控制软件，最好能够采取一些额外的安全措施。如Windows服务器平台上有一个安全策略，可以设置只允许一些特定的MAC地址的主机可以远程连接到服务器上。通过这种策略，可以让只有网络管理人员的主机才能够进行远程控制。无疑这个策略可以大大提高远程控制的安全性。</P>\r\n<P>二是采用一些安全性比较高的远程控制软件。一些比较成熟的远程控制软件，如PCAnyWhere，其除了远程控制的基本功能之外，还提供了一些身份验证方式以供管理员选择。管理员可以根据安全性需求的不同，选择合适的身份验证方式。另外，其还具有加强的审计与日志功能，可以翔实的纪录远程控制所做的一些更改与访问的一些数据。当我们安全管理人员怀疑远程控制被入侵者利用时，则可以通过这些日志来查询是否有入侵者侵入。</P>\r\n<P>三是除非有特殊的必要，否则不要装或者开启远程控制软件。即使采取了一些安全措施，其安全隐患仍然存在。为此，除非特别需要，才开启远程控制软件。如笔者平时的时候，都会把一些应用服务器的远程控制软件关掉。而只有在笔者出差或者休假的时候，才会把他们开起来，以备不时之需。这么处理虽然有点麻烦，但是可以提高关键应用服务器的安全。这点麻烦还是值得的。</P>','Ok3w新闻发布系统','Ok3w新闻发布系统','2009-04-25 00:44:22','1',0,'',1,0,0,0,0,0,1),(59,1,103,'0,102,103,','使用3G上网卡需要准备哪些东西','　　最近各省电信都在陆续开通3G无线宽带业务，那么使用3G上网卡需要准备哪些东西，需要具备哪些条件？这里给大家整理了一些有关3G上网的一些问答，希望对您有所帮助！ <BR><BR>　　1、以前的CDMA 1X上网卡能使用吗？ <BR><BR>　　旧的CDMA 1X上网卡已经不支持3G了，所以还要购买一个支持中国电信3G无线宽带网络的EVDO上网卡才可以使用。 <BR><BR>　　2、如何升级到3G手机卡（UIM卡）？ <BR><BR>　　想要使用3G无线宽带网络还需要一张支持EVDO的手机卡（UIM卡），新用户直接购买即可，老用户可以对现有UIM卡升级，而且无需换号或者换卡，升级的方法是： <BR><BR>　　发送短信“PRL”到 10659165，成功后拨打10001等中国电信免费电话，接通3秒后挂断，即可激活。 <BR><BR>　　3、如何开通3G功能？ <BR><BR>　　需要开通3G功能（发送短信 “KT3G”到10001）或申请3G无线宽带套餐（发送短信“KTWXKD”＋套餐金额到10001）。老用户可通过短信、10000号、营业厅升级现有2G套餐。','Ok3w新闻发布系统','Ok3w新闻发布系统','2009-04-25 00:45:23','1',0,'',1,0,0,0,0,0,0),(60,1,103,'0,102,103,','新手认识;网银账号相关知识','<P>　　<STRONG>-误区一：丢账号密码就会丢钱</STRONG></P>\r\n<P>　　“至少目前网上最严重的安全问题并不是从网银中偷钱。”王嗣恩说，即便几年前，高级黑客盗取网银账号也并不是冲着用户的钱，他们并不知道账户中是否有钱，他们只靠出售卡号和密码获得收益。“比如一个账号卖5元，1万个就是5万元。”</P>\r\n<P>　　王嗣恩认为，以目前的技术，对网银财产的偷盗难以成为大规模事件，而且“现在银行都加强了保护措施，只有少数银行在小额支付时才不需要第二重密码，即使不小心丢了账号、密码也不一定会丢钱”。</P>\r\n<P>　<STRONG>　-误区二：账号买卖很猖獗</STRONG></P>\r\n<P>　　正是因为网上银行加强了保护措施，因此在网上买卖网银账号和密码的交易现在已降低了热度，从目前的状况来看，黑客或者虚拟财产贩子们利用木马偷盗的目标当中，盗取网游账号排名第一，盗取QQ号资料排名第二，利用“肉鸡”网络帮助某些广告商弹出广告排名第三，利用“肉鸡”发动网络攻击排名第四，最后一名才是网银账号。“那个要靠碰运气，被抓的风险也高。”</P>\r\n<P>　　中国金融认证中心的信息安全专家提醒说，要理性看待网银安全，目前国内网银早已摆脱了对账号和密码的单纯依赖，普遍采用双因素、多因素的认证手段，“只要采取有效的措施，网上银行可以放心使用。”</P>\r\n<P>　　<STRONG>-误区三：专家才懂安全措施</STRONG></P>\r\n<P>　　中国金融认证中心提供了三条保证网银基本安全的简捷保密措施。</P>\r\n<P>　　首先要登录正确的银行网站，“直接输入银行网址，而不是从不熟悉的邮件或网站链接进去，这样就免除了由于登录虚假的网站而受到诈骗、个人信息被盗的危险。”其次是保护电脑安全，安装防病毒软件，并及时更新病毒库。最后是保护各种密码，正确使用数字证书。如果是存放在电脑里的“软证书”，那么要使用“证书保险箱”保证其安全。如果存放在U盘里，注意使用后要及时拔出和保管。在不掌握数字证书的情况下，不法分子就无法完成盗取账户资金的网银交易。</P>','北京晨报 ','北京晨报 ','2009-04-25 00:46:26','1',0,'',1,0,0,0,0,0,0),(61,1,103,'0,102,103,','你的电脑已经成为肉鸡的几种现象','<P>　　金山毒霸反病毒专家总结了“肉鸡”电脑的六大现象，当网友遇到这些现象时，需提高警惕，将木马程序清除出去： </P>\r\n<P>　　相关文章：电脑肉鸡</P>\r\n<P>　　现象1：QQ、MSN的异常登录提醒 </P>\r\n<P>　　你在登录QQ时，系统提示上一次的登录IP和你完全不相干。比如，你明明就只在上海的家里上过，QQ却提醒你上一次登录地点在沈阳。 </P>\r\n<P>　　还有，当你登录MSN时，可能有朋友给你发消息，问你刚发了什么，你却很清楚自己从未给这个朋友发过什么消息。 </P>\r\n<P>　　现象2：网络游戏登录时发现装备丢失或和你上次下线时的位置不符，甚至用正确的密码无法登录 </P>\r\n<P>　　很显然，你没有登录这个游戏的时候，别人替你登录过。 </P>\r\n<P>　　现象3：有时会突然发现你的鼠标不听使唤，在你不动鼠标的时候，鼠标也会移动，并且还会点击有关按钮进行操作 </P>\r\n<P>　　你没动，那就是有人在动。注意，这种鼠标的移动轨迹和性能差光电鼠标自动漂移明显不同。你就能感觉到，这是有人在动你的电脑。 </P>\r\n<P>　　现象4：正常上网时，突然感觉很慢，硬盘灯在闪烁，就象你平时在COPY文件 </P>\r\n<P>　　这种情况很可能是攻击者在尝试COPY你的文件，在大量COPY文件时，磁盘的读写明显会增加，系统也会变慢。此时，你应该毫不犹豫地拔掉网线，立即检查你的系统进程是否异常。 </P>\r\n<P>　　现象5：当你准备使用摄像头时，系统提示，该设备正在使用中 </P>\r\n<P>　　完了，攻击者已经在盗用你的摄像头了，这种情况下，摄像头的工作状态是不可见的。 </P>\r\n<P>　　强烈建议你不用摄像头时，把镜头给盖上，攻击者看到黑乎乎的影像时，自然会明白是什么问题。 </P>\r\n<P>　　现象6：在你没有使用网络资源时，你发现网卡灯在不停闪烁 </P>\r\n<P>　　如果你设定为连接后显示状态，你还会发现屏幕右下角的网卡图标在闪 </P>\r\n<P>　　正常情况下，当你少用或不用网络资源时，网卡的闪烁会不明显，通过网络传递的数据流量也不会太高。 </P>\r\n<P>　　最后用户还可以借助一些软件来观察网络活动情况，以检查系统是否被入侵。 </P>\r\n<P>　　1.注意检查防火墙软件的工作状态 </P>\r\n<P>　　比如金山网镖。在网络状态页，会显示当前正在活动的网络连接，仔细查看相关连接。如果发现自己根本没有使用的软件在连接到远程计算机，就要小心了。 </P>\r\n<P>　　2.推荐使用tcpview，可以非常清晰的查看当前网络的活动状态 </P>\r\n<P>　　一般的木马连接，是可以通过这个工具查看到结果的。 </P>\r\n<P>　　这里说一般的木马连接，是区别于某些精心构造的rootkit木马采用更高明的隐藏技术，不易被发现的情况。 </P>\r\n<P>　　3.使用金山清理专家进行在线诊断，特别注意全面诊断的进程项 </P>\r\n<P>　　清理专家会对每一项进行安全评估，当遇到未知项时，需要特别小心。 </P>\r\n<P>　　4.清理专家百宝箱的进程管理器 </P>\r\n<P>　　可以查找可疑文件，帮你简单的检查危险程序所在。 </P>','Ok3w新闻发布系统','Ok3w新闻发布系统','2009-04-25 00:47:01','1',0,'',1,0,0,0,0,0,1),(62,1,103,'0,102,103,','病毒程序和木马经常修改的系统文件和注册表','<P>　　从计算机病毒的发展趋势来看，蠕虫和木马类的病毒越来越多。与普通感染可执行文件的文件型病毒不同，此类程序通常不感染正常的系统文件，而是将自身作为系统的一部分安装到系统中。相对来说，此类病毒的隐蔽性更强一些，更不容易被使用者发觉。</P>\r\n<P>　　但是无论什么样的病毒程序在感染系统时都会留下一些蛛丝马迹。在此我们总结一下各种病毒可能会更改的地方，以便能够更快速地找到它们。</P>\r\n<P>　　<STRONG>一、更改系统的相关配置文件</STRONG></P>\r\n<P>　　这种情况主要是针对老系统。</P>\r\n<P>　　病毒可能会更改autoexec.bat，只要在其中加入执行病毒程序文件的语句即可在系统启动时自动激活病毒。*更改drive:\\windows\\win.ini或者system.ini文件。病毒通常会在win.ini的“run=”后面加入病毒自身的文件名，或者在system.ini文件中将“shell=”更改。</P>\r\n<P>　　<STRONG>二、更改注册表健值</STRONG></P>\r\n<P>　　目前，只要新出的蠕虫/特洛伊类病毒一般都有修改系统注册表的动作。它们修改的位置一般有以下几个地方：</P>\r\n<P>　　HKLM\\Software\\Microsoft\\Windows\\CurrentVersion\\RunOnce\\</P>\r\n<P>　　说明：在系统启动时自动执行的程序</P>\r\n<P>　　HKLM\\Software\\Microsoft\\Windows\\CurrentVersion\\RunServices\\</P>\r\n<P>　　说明：在系统启动时自动执行的系统服务程序</P>\r\n<P>　　HKLM\\Software\\Microsoft\\Windows\\CurrentVersion\\Run\\</P>\r\n<P>　　说明：在系统启动时自动执行的程序，这是病毒最有可能修改/添加的地方。 例如：Win32.Swen.B病毒将增加：HKLM\\Software\\Microsoft\\Windows\\CurrentVersion\\Run\\ucfzyojza= “cxsgrhcl.exe autorun”</P>\r\n<P>　　HKEY_CLASSES_ROOT\\exefile\\shell\\open\\command</P>\r\n<P>　　说明：此键值能使病毒在用户运行任何EXE程序时被运行，以此类推，..\\txtfile\\.. 或者 ..\\comfile\\.. 也可被更改，以便实现病毒自动运行的功能。</P>\r\n<P>　　另外，有些健值还可能被利用来实现比较特别的功能：</P>\r\n<P>　　有些病毒会通过修改下面的键值来阻止用户查看和修改注册表：</P>\r\n<P>　　HKCU\\Software\\Microsoft\\Windows\\CurrentVersion\\Policies\\System\\DisableRegistryTools =</P>\r\n<P>　　为了阻止用户利用.REG文件修改注册表键值，以下键值也会被修改来显示一个<FONT color=#000000>内存</FONT>访问错误窗口</P>\r\n<P>　　例如：Win32.Swen.B 病毒 会将缺省健值修改为：</P>\r\n<P>　　HKCR\\regfile\\shell\\open\\command\\(Default) = “cxsgrhcl.exe showerror”</P>\r\n<P>　　通过对以上地方的修改，病毒程序主要达到的目的是在系统启动或者程序运行过程中能够自动被执行，已达到自动激活的目的。</P>','Ok3w新闻发布系统','Ok3w新闻发布系统','2009-04-25 00:48:47','1',0,'',1,0,0,0,0,0,1),(63,1,103,'0,102,103,','什么是电脑肉鸡？','<H3>什么是电脑“肉鸡”</H3>　　所谓电脑肉鸡，就是拥有管理权限的远程电脑。也就是受别人控制的远程电脑。肉鸡可以是各种系统,如win,linux,unix等；更可以是一家公司\\企业\\学校甚至是政府军队的服务器，一般所说的肉鸡是一台开了3389端口的Win2K系统的服务器,所以3389端口没必要开时关上最好。 \r\n<P>　　要登陆肉鸡，必须知道3个参数：远程电脑的IP、用户名、密码。</P>\r\n<P>　　说到肉鸡，就要讲到远程控制。远程控制软件例如灰鸽子、上兴等。</P>\r\n<P>　　肉鸡不是吃的那种，是中了木马，或者留了后门，可以被远程操控的机器，现在许多人把有WEBSHELL 权限的机器也叫肉鸡。</P>\r\n<P>　　谁都不希望自己的电脑被他人控制，但是很多人的电脑是几乎不设防的，很容易被远程攻击者完全控制。你的电脑就因此成为别人砧板上的肉，别人想怎么吃就怎么吃，肉鸡(机)一名由此而来。</P>\r\n<H3>如何检测自己是否成为肉鸡</H3>　　注意以下几种基本的情况： \r\n<P>　　1：QQ、MSN的异常登录提醒 （系统提示上一次的登录IP不符）</P>\r\n<P>　　2：网络游戏登录时发现装备丢失或与上次下线时的位置不符，甚至用正确的密码无法登录。 </P>\r\n<P>　　3：有时会突然发现你的鼠标不听使唤，在你不动鼠标的时候，鼠标也会移动，并且还会点击有关按钮进行操作。 </P>\r\n<P>　　4：正常上网时，突然感觉很慢，硬盘灯在闪烁，就象你平时在COPY文件。 </P>\r\n<P>　　5：当你准备使用摄像头时，系统提示，该设备正在使用中。 </P>\r\n<P>　　6：在你没有使用网络资源时，你发现网卡灯在不停闪烁。如果你设定为连接后显示状态，你还会发现屏幕右下角的网卡图标在闪。 </P>\r\n<P>　　7：服务列队中出可疑程服务。</P>\r\n<P>　　8：宽带连接的用户在硬件打开后未连接时收到不正常数据包。（可能有程序后台连接）</P>\r\n<P>　　9：防火墙失去对一些端口的控制。</P>\r\n<P>　　10：上网过程中计算机重启。</P>\r\n<P>　　11：有些程序如杀毒软件防火墙卸载时出现闪屏（卸载界面一闪而过，然后报告完成。）</P>\r\n<P>　　12：一些用户信任并经常使用的程序（QQ`杀毒）卸载后。目录文仍然存在，删除后自动生成。</P>\r\n<P>　　13：电脑运行过程中或者开机的时候弹出莫名其妙的对话框 </P>\r\n<P>　　以上现象，基本是主观感觉，并不十分准确，但需要提醒您注意。</P>\r\n<P>　　接下来，我们可以借助一些软件来观察网络活动情况，以检查系统是否被入侵。 </P>\r\n<P>　　1.注意检查防火墙软件的工作状态 </P>\r\n<P>　　比如金山网镖。在网络状态页，会显示当前正在活动的网络连接，仔细查看相关连接。如果发现自己根本没有使用的软件在连接到远程计算机，就要小心了。 </P>\r\n<P>　　2.推荐使用tcpview，可以非常清晰的查看当前网络的活动状态。 </P>\r\n<P>　　一般的木马连接，是可以通过这个工具查看到结果的。 </P>\r\n<P>　　这里说一般的木马连接，是区别于某些精心构造的rootkit木马采用更高明的隐藏技术，不易被发现的情况。 </P>\r\n<P>　　3.使用金山清理专家进行在线诊断，特别注意全面诊断的进程项</P>\r\n<P>　　清理专家会对每一项进行安全评估，当遇到未知项时，需要特别小心。</P>\r\n<P>　　4.清理专家百宝箱的进程管理器</P>\r\n<P>　　可以查找可疑文件，帮你简单的检查危险程序所在 </P>\r\n<H3>如何避免自己的电脑成为“肉鸡”</H3>　　1.关闭高危端口： \r\n<P>　　第一步，点击“开始”菜单/设置/控制面板/管理工具，双击打开“本地安全策略”，选中“IP 安全策略，在本地计算机”，在右边窗格的空白位置右击鼠标，弹出快捷菜单，选择“创建 IP 安全策略”，于是弹出一个向导。在向导中点击“下一步”按钮，为新的安全策略命名；再按“下一步”，则显示“安全通信请求”画面，在画面上把“激活默认相应规则”左边的钩去掉，点击“完成”按钮就创建了一个新的IP 安全策略。 </P>\r\n<P>　　第二步，右击该IP安全策略，在“属性”对话框中，把“使用添加向导”左边的钩去掉，然后单击“添加”按钮添加新的规则，随后弹出“新规则属性”对话框，在画面上点击“添加”按钮，弹出IP筛选器列表窗口；在列表中，首先把“使用添加向导”左边的钩去掉，然后再点击右边的“添加”按钮添加新的筛选器。 </P>\r\n<P>　　第三步，进入“筛选器属性”对话框，首先看到的是寻址，源地址选“任何 IP 地址”，目标地址选“我的 IP 地址”；点击“协议”选项卡，在“选择协议类型”的下拉列表中选择“TCP”，然后在“到此端口”下的文本框中输入“135”，点击“确定”按钮（如左图），这样就添加了一个屏蔽 TCP 135（RPC）端口的筛选器，它可以防止外界通过135端口连上你的电脑。 </P>\r\n<P>　　点击“确定”后回到筛选器列表的对话框，可以看到已经添加了一条策略，重复以上步骤继续添加 TCP 137、139、445、593 端口和 UDP 135、139、445 端口，为它们建立相应的筛选器。 </P>\r\n<P>　　重复以上步骤添加TCP 1025、2745、3127、6129、3389 端口的屏蔽策略，建立好上述端口的筛选器，最后点击“确定”按钮。 </P>\r\n<P>　　第四步，在“新规则属性”对话框中，选择“新 IP 筛选器列表”，然后点击其左边的圆圈上加一个点，表示已经激活，最后点击“筛选器操作”选项卡。在“筛选器操作”选项卡中，把“使用添加向导”左边的钩去掉，点击“添加”按钮，添加“阻止”操作（右图）：在“新筛选器操作属性”的“安全措施”选项卡中，选择“阻止”，然后点击“确定”按钮。 </P>\r\n<P>　　第五步,进入“新规则属性”对话框，点击“新筛选器操作”，</P>\r\n<P>　　其左边的圆圈会加了一个点，表示已经激活，点击“关闭”按钮，关闭对话框；最后回到“新IP安全策略属性”对话框，在“新的IP筛选器列表”左边打钩，按“确定”按钮关闭对话框。在“本地安全策略”窗口，用鼠标右击新添加的 IP 安全策略，然后选择“指派”。 </P>\r\n<P>　　重新启动后，电脑中上述网络端口就被关闭了，病毒和黑客再也不能连上这些端口，从而保护了你的电脑。 </P>\r\n<P>　　2.及时打补丁 即升级杀毒软件 </P>\r\n<P>　　肉鸡捕猎者一般都是用“灰鸽子”病毒操控你的电脑，建议用灰鸽子专杀软件杀除病毒。</P>\r\n<P>　　3.经常检查系统</P>\r\n<P>　　经常检查自己计算机上的杀毒软件，防火墙的目录，服务，注册表等相关项。</P>\r\n<P>　　黑客经常利用用户对它们的信任将木马隐藏或植入这些程序。</P>\r\n<P>　　警惕出现在这些目录里的系统属性的DLL。（可能被用来DLL劫持）</P>\r\n<P>　　警惕出现在磁盘根的pagefile.sys.(该文件本是虚拟页面交换文件。也可被用来隐藏文件。要检查系统的页面文件的盘符是否和它们对应) </P>\r\n<H3>食用肉鸡</H3>　　肉鸡，既提供人类食用的鸡肉的鸡，生长速度快，繁殖率高，抗病强，适宜饲养以提供鸡肉等产品！ 但不好吃。 \r\n<H3>成为肉鸡后的自救方法</H3>　　一、正在上网的用户，发现异常应首先马上断开连接 \r\n<P>　　如果你发现IE经常询问是你是否运行某些ActiveX控件，或是生成莫名其妙的文件、询问调试脚本什么的，一定要警惕了，你可能已经中招了。典型的上网被入侵有两种情况： </P>\r\n<P>　　一是浏览某些带恶意代码的网页时候被修改了浏览器的默认主页或是标题，这算是轻的；还有就是遇到可以格式化硬盘或是令你的Windows不断打开窗口，直到耗尽资源死机——这种情况恶劣得多，你未保存和已经放在硬盘上的数据都可能会受到部分或全部的损失。 </P>\r\n<P>　　二是潜在的木马发作，或是蠕虫类病毒发作，让你的机器不断地向外界发送你的隐私，或是利用你的名义和邮件地址发送垃圾，进一步传播病毒；还有就是黑客的手工入侵，窥探你的隐私或是删除破坏你的文件。 </P>\r\n<P>　　自救措施：马上断开连接，这样在自己的损失降低的同时，也避免了病毒向更多的在线电脑传播。请先不要马上重新启动系统或是关机，进一步的处理措施请参看后文。</P>\r\n<P>　　二、中毒后，应马上备份、转移文档和邮件等 </P>\r\n<P>　　中毒后运行杀毒软件杀毒是理所当然的了，但为了防止杀毒软件误杀或是删掉你还未处理完的文档和重要的邮件，你应该首先将它们备份到其他储存媒体上。有些长文件名的文件和未处理的邮件要求在Windows下备份，所以上文笔者建议你先不要退出Windows，因为病毒一旦发作，可能就不能进入Windows了。 </P>\r\n<P>　　不管这些文件是否带毒，你都应该备份，用标签纸标记为“待查”即可。因为有些病毒是专门针对某个杀毒软件设计的，一运行就会破坏其他文件，所以先备份是防患于未然的措施。等你清除完硬盘内的病毒后，再来慢慢分析处理这些额外备份的文件较为妥善。 </P>\r\n<P>　　三、需要在Windows下先运行一下杀CIH的软件（即使是带毒环境） </P>\r\n<P>　　如果是发现了CIH病毒，要注意不能完全按平时报刊和手册建议的措施，即先关机、冷启动后用系统盘来引导再杀毒，而应在带毒的环境下也运行一次专杀CIH的软件。这样做，杀毒软件可能会报告某些文件受读写保护无法清理，但带毒运行的实际目的不在于完全清除病毒，而是在于把CIH下次开机时候的破坏减到最低，以防它在再次开机时破坏主板的BIOS硬件，导致黑屏，让你下一步的杀毒工作无法进行。 </P>\r\n<P>　　四、需要干净的DOS启动盘和DOS下面的杀毒软件 </P>\r\n<P>　　到现在，就应该按很多杀毒软件的标准手册去按部就班地做。即关机后冷启动，用一张干净的DOS启动盘引导；另外由于中毒后可能Windows已经被破坏了部分关键文件，会频繁地报告非法操作，所以Windows下的杀毒软件可能会无法运行。所以请你也准备一个DOS下面的杀毒软件以防万一。 </P>\r\n<P>　　即使能在Windows下运行杀毒软件，也请用两种以上工具交叉清理。在多数情况下Windows可能要重装，因为病毒会破坏掉一部分文件让系统变慢或出现频繁的非法操作。比如即使杀了CIH，微软的Outlook邮件程序也是反应较慢的。建议不要对某种杀毒软件带偏见，由于开发时候侧重点不同、使用的杀毒引擎不同，各种杀毒软件都是有自己的长处和短处的，交叉使用效果较理想。 </P>\r\n<P>　　五、如果有Ghost和分区表、引导区的备份，用之来恢复一次最保险 </P>\r\n<P>　　如果你在平时用Ghost备份做了Windows的，用之来镜像一次，得到的操作系统是最保险的。这样连潜在的未杀光的木马程序也顺便清理了。当然，这要求你的Ghost备份是绝对可靠的。要是作Ghost的时候把木马也“备份”了就后患无穷了。 </P>\r\n<P>　　六、再次恢复系统后，更改你的网络相关密码 </P>\r\n<P>　　包括登录网络的用户名、密码，邮箱的密码和QQ的密码等，防止黑客用上次入侵过程中得到的密码进入你的系统。另外因为很多蠕虫病毒发作会向外随机发送你的信息，所以及时地更改是必要的。</P>','Ok3w新闻发布系统','Ok3w新闻发布系统','2009-04-25 00:52:06','1',0,'',1,0,0,0,0,0,2),(64,1,103,'0,102,103,','黑客技术:躲避黑客从这里做起','<P>　<STRONG>要点1：盗版WindowsXP存在巨大风险，需要立即对其进行安全性改造。</STRONG> <BR><BR>　　如果你的操作系统是其它技术人员安装，或者有可能是盗版XP，比如电脑装机商的蕃茄花园XP，雨木林风XP，龙卷风XP等。这样的系统，很多是无人值守安装的。安装步骤非常简单，你把光盘放进电脑，出去喝茶，回来就可能发现系统已经安装完毕。 <BR><BR>　　这样的系统，最大的缺陷在哪儿呢？再明白不过，这种系统的管理员口令是空的，并且自动登录。也就是说，任何人都可以尝试用空口令登录你的系统，距离对于互联网来说，根本不是障碍。 <BR><BR>　　改造方法： <BR><BR>　　立即修改administrator用户口令，口令使用字母和其它特殊字符的组合，长度不低于8位。 <BR><BR>　　改变登录方式，要求必须按ctrl+alt+del才可以登录。 <BR><BR>　　<STRONG>要点2：任何时候离开你的电脑，建议拔掉网线，不能断线的计算机，建议立即锁定，不要让陌生人能够物理的接触到你的计算机。</STRONG> <BR><BR>　　随便找一个windowsPE的光盘(深山红叶修复工具盘等)，用这种光盘引导，可轻易修改你的管理员登录密码，修改你的注册表信息，当然也包括写入病毒，再启动病毒程序。 <BR><BR>　　曾经有个例子，上海某白领的网上银行一次性被云南的黑客划走数10万元。对于一般的网上银行来说，大众版通常限制了一天取款1000元左右，是小额支付，一旦丢失账号，也不至于损失特别巨大。对于专业版网上银行来说，如果数字证书是存储在本机计算机，当你较长时间离开你的电脑时，攻击者可以远程控制你的电脑，在你的电脑上转移财产。这和你本地进行在线银行业务没有任何区别。对于使用移动数字证书的网上银行用户，千万注意，用完就拔掉数字证书，不要给攻击者任何机会。 <BR><BR>　　解决办法： <BR><BR>　　当你需要较长时间离开电脑时，锁定电脑，或拔掉网线。 <BR><BR>　　<STRONG>要点3：确保启用网络防火墙</STRONG> <BR><BR>　　对于互联网用户来说，网络防火墙(注意，这里指firewall，不是很多人认为的病毒实时监控)是隔离你和外界的一道关口，正确启用和配置防火墙，将会使你减少很多直接面对攻击的机会。在你的系统有漏洞未修补时，防火墙可能是唯一可保护你的电脑安全的解决方案。 <BR><BR>　　但是，不要以为开启了防火墙就万事无忧了，防火墙基本只是拦截由外到内(由互联网到本机)通信，由内向外的访问，很容易使用各种手段进行欺骗，木马就是这样逃避防火墙完成盗窃任务的。 <BR><BR>　　尽管，防火墙不是总有效，但有防火墙比没有强很多，是必须要启用的。 <BR><BR>　　<STRONG>要点4：切实关注安全漏洞信息，及时使用各种补丁修复工具，提升系统安全性</STRONG> <BR><BR>　　系统漏洞在正式公布前，通常会被黑客利用很长时间，这就是通常说的0day攻击，这样的攻击也越来越常见。漏洞涉及windows操作系统文件和其它应用软件，但风险最大的仍是windows系统漏洞。应用软件漏洞的利用会受到较多的环境制约，通常风险相对较低。 <BR><BR>　　最近广泛引起人们关注的是flashplayer漏洞，攻击者可利用这个漏洞运行任意指定的代码。 <BR><BR>　　解决方案： <BR><BR>　　能用windowsupdate的，一定要用，让windows进行自动更新。看到右下角windowsupdate正在工作的图标，别给阻止了。 <BR><BR>　　部分盗版用户不能正常使用windowsupdate或microsoftupdate的，建议使用第三方漏洞修复工具。</P>\r\n<P>　　<STRONG>要点5：安装使用杀毒软件，并经常检查是否工作正常，是否可以进行病毒特征的更新</STRONG> <BR><BR>　　不要把安全问题只交给杀毒软件来负责，安全是系统工程，杀毒软件只是其中的一环。总是先有病毒，才会有杀毒软件更新。在很多情况下，安装杀毒软件之后，还是会中各种各样的病毒。但这不能说明杀毒软件不必要，相反，杀毒软件是非常重要的，如果没有杀毒软件，你的系统可能会更糟。 <BR><BR>　　越来越多的病毒为了入侵你的系统，首先会尝试将杀毒软件废掉。破坏杀毒软件的功能，可能比杀毒软件对付病毒还要容易。因为破坏者的目标很明确，就是市面最流行的软件，针对这几种安全软件做手脚是很容易的。并且，病毒制造者不象杀毒软件那样，必须考虑每个更新带来的兼容性问题，攻击者只关注木马需要完成的任务，其它后果，病毒制造者是不用花很多功夫去考虑的。 <BR><BR>　　木马病毒制造者是这样痛恨杀毒软件，以至于目前有相当多的木马入侵后，首先会去破坏杀毒软件，只要破坏者愿意，有针对性的破坏杀毒软件总是可以做到的，用户不要指望杀毒软件自身可以做成铜墙铁壁。连操作系统都可以被破坏，何况杀毒软件。 <BR><BR>　　我们还可以把杀毒软件的工作状态，当作另一种检验工具：只要观察到杀毒软件突然不工作了，你首先应该考虑是不是被木马给破坏了。 <BR><BR>　　解决办法： <BR><BR>　　安装一款适合自己的杀毒软件，并且在有效期内注意经常检查其功能，比如能不能正常启动，能不能正常升级等等。 <BR><BR>　　<STRONG>要点6：一定要小心使用移动存储设备</STRONG> <BR><BR>　　在互联网发展起来之前，病毒的传播是依赖于软磁盘的，其后让位于网络。现在，公众越来越频繁的使用移动存储设备(移动硬盘、U盘、数码存储卡)传递文件，这些移动存储设备成为木马传播的重要通道。计算机用户通常把这样的病毒称为U盘病毒或AUTO病毒。意思是插入U盘这个动作，就能让病毒从一个U盘传播到另一台电脑。 <BR><BR>　　解决办法： <BR><BR>　　立即毫不犹豫的禁用U盘的自动播放功能，这个功能的方便性微不足道，但染毒的风险非常重要。 <BR><BR>　　<STRONG>要点7：安全上网</STRONG> <BR><BR>　　成为肉鸡很重要的原因之一是浏览不安全的网站，区分什么网站安全，什么网站不安全，这对普通用户来说，是很困难的。并且还存在原来正常的网站被入侵植入木马的可能性，也有被ARP攻击之后，访问任何网页都下载木马的风险。 <BR><BR>　　上网下载木马的机会总是有的，谁都无法避免，只能减轻这种风险。 <BR><BR>　　浏览器的安全性需要得到特别关注，浏览器和浏览器插件的漏洞是黑客们的最爱，flashplayer漏洞就是插件漏洞，这种漏洞是跨浏览器平台的，任何使用flashplayer的场合都可能存在这种风险。 <BR><BR>　　解决办法： <BR><BR>　　及时修补浏览器漏洞，及时将浏览器升级到最新的版本，减少把有风险的系统暴露给攻击者的时间。 <BR><BR>　　避免浏览一些灰色站点，通常这种站点流量比较大，比如人数众多的生活社区、在线视频社区、聊天交友社区、色情类网站、赌博类网站等等。浏览这类网站，如果发现系统异常，应该立即用“如何检测电脑是不是‘肉鸡’”所介绍的方法进行检查。 <BR><BR>　　以上，绝不是安全防护的全部，可以说是最重要的风险最大的几个环节，注意从上面这几点进行安全防护，至少三脚猫的黑客拿你没办法。 <BR><BR>　　安全防护是动态的，时刻提高警惕吧，对互联网来说，要有视一切为威胁的观点。就象对一个外科医生来说，在他的眼里，一切物体都是被细菌病毒污染的，消毒是最基本原则。</P>','Ok3w新闻发布系统','Ok3w新闻发布系统','2009-04-25 00:53:13','1',0,'',1,1,0,0,0,0,6),(65,1,109,'0,107,109,','加速系统关机 让离开不再等待','<P>　　使用老机器和笔记本电脑的朋友，恐怕都难容忍慢得让人发疯的系统启动过程吧。即使试遍了各种优化秘籍，使用了所有优化软件，但Windows XP还是慢悠悠的开机，慢腾腾的关机，让人沮丧不已。其实，Windows XP早就为你准备好了一个快速开关机的捷径，它就是待机与休眠。 </P>\r\n<P>　　一、关机加速 一键待机 </P>\r\n<P>　　打开“控制面板”→“电源选项”，选择“高级”选项卡，在这里设置“在按下计算机电源按钮时”下拉选单，在其中钩选“休眠”或“待机”。应用设置后，就可以使用一键待机了。例如在下班前，正在进行某项明天要继续的工作，这时只要按一下机箱上的电源按钮，就可以下班走人了。而第二天，按下开机键就可以很快进入系统，继续昨天未完成的工作。 </P>\r\n<P>　　从待机状态恢复时，可能会被他人偷窥到电脑中的资料。对此，可在“高级”选项卡中，钩选“在计算机从待机状态恢复时，要求输入密码”项，为待机加上一道安全防护。 </P>\r\n<P>　　二、打造“Sleep”休眠键 </P>\r\n<P>　　首先在“电源选项”对话框的“休眠”选项卡中，钩选上“启用休眠”功能。接着在桌面上点击右键，在弹出菜单中选择“新建”→“快捷方式”，在“创建快捷方式”对话框中输入“rundll32.exe powrprof.dll，SetSuspendState”命令。单击“下一步”，在“选择程序标题”对话框中输入“休眠”。“完成”后，右击桌面上的“休眠”快捷方式，打开对话框选择“快捷方式”选项卡，在“快捷键”中按下自己喜欢的快捷键，如“F8”。设置好后，只需按下“F8”键即可实现一键休眠了。 </P>\r\n<P>　　三、合理设置待机电源 </P>\r\n<P>　　很多时候，只是暂时离开电脑，这时就无需关闭大部份硬件设备的电源了，例如USB接口、网卡、鼠标等设备，这样可使恢复速度得到提升。 </P>\r\n<P>　　以网卡为例，打开“设备管理器”，右键点击网卡项目，在弹出菜单中选择“属性”命令，打开属性设置对话框。选择“电源管理”选项卡，在这里取消对“允许计算机关闭这个设备以节约电源”</P>\r\n<P>　　四、待机状态也能关闭电源 </P>\r\n<P>　　普通待机的方法是不能关闭电源的，因为数据是存储在内存中的，一旦关机的话，将会造成数据丢失。要想关机，只有使用休眠，但休眠启动的时间还是较长。如果利用主板电源的STR技术，可在待机时也能关闭电源，而且恢复电脑到工作状态也只用几秒钟。 </P>\r\n<P>　　大部份主板都支持STR技术。以梅捷SY-I5PRLE主板为例，开机后进入CMOS设置页，选择“Power Management Setup”电源管理设置。进入后找到“ACPI Suspend Type”项，将其设置为“S3(STR)”模式，保存CMOS设置即可。以后使用待机时，机箱电源会自动关闭，当按下机箱电源按钮时，系统即可高速恢复到待机时的保存状态。 </P>\r\n<P>　　在使用STR技术待机时，不可切断主板的供电电源，否则保存数据将会丢失。另外，IT八哥网(http://www.it8g.com)提醒大家要在待机状态中通过鼠标与键盘唤醒系统，那么可在CMOS中设置，将“PS/S KB /MS Wake up From S3-S5”设置为“Enable”即可。 </P>\r\n<P>　　五、解决待机自动恢复问题 </P>\r\n<P>　　有的系统在待机时，会不时的自动从待机状态恢复，又自动进入待机状态。这个问题多半是由于网卡的电源设置不当造成的。对次，可在“设备管理器”中展开“网络适配器”，双击网卡项打开属性窗口，在“电源管理”选项卡中，取消“允许这台设备使计算机脱离待机状态”的钩选即可。 </P>\r\n<P>　　六、为休眠待机再提提速 </P>\r\n<P>　　在使用休眠和待机时，还要注意一些事项。例如系统长期使用休眠，内存中的数据就得不到清空处理，便会使Windows XP运行速度变慢。这时，不妨可用“Freemem”之类的内存工具进行一下整理操作。 </P>\r\n<P>　　如果在休眠前保存一下正在工作的文件，那么临时文件和数据都会得到释放，从而大大提高了休眠与恢复的速度，并加强了恢复时的数据安全性。此外，适当增加系统盘空间容量，开启磁盘的 DMA通道，在休眠和待机前拨下USB等外接设备，都可以有效提高休眠与待机的速度与稳定性。</P>','Ok3w新闻发布系统','Ok3w新闻发布系统','2009-04-25 00:54:26','1',0,'',1,0,0,0,0,0,0),(66,1,109,'0,107,109,','安装windows7单系统的方法','　　注意：此方法说的是<STRONG>安装windows7单系统的方法</STRONG>，而不是安装双系统的方法，如果想安装Windows vista和Windows7的双系统，就没这么复杂了，可以采用虚拟光驱的方法或者直接在硬盘下运行setup进行安装，这里就不介绍了，这里介绍的仅仅是安装单系统的方法！　　 <BR><BR>　　方法1：　　 <BR><BR>　　1、下载windows7 7057 ISO镜像(RC或RTM)，用虚拟光驱拷贝至非C盘(如D:\\7057) <BR><BR>　　2、BIOS中选择光驱启动，进入vista安装界面 <BR><BR>　　3、选择左下角修复计算机(自动搜索系统，提示加载驱动或关闭，选择关闭进入修复选项) <BR><BR>　　4、选择最后一项命令修复，在命令框输入“D:\\7057\\sources\\setup.exe“(不带引号)，开始安装 <BR><BR>　　5、选择安装语言、格式化C盘 (即使C盘原本没有系统此法也可行)　　 <BR><BR>　　方法2：vista系统下全新安装windows7(WinXP也可以使用此方法)　　 <BR><BR>　　1、下载windows 7 7057ISO镜像(RC或RTM)，用虚拟光驱拷贝至非C盘(如D:\\7057) <BR><BR>　　2、复制D:\\7057文件夹中的Boot、EFI、sources文件夹和bootmgr至C盘根目录下 <BR><BR>　　3、复制D:\\7057\\boot下Bootsect.exe至C盘根目录下 <BR><BR>　　第2部需取得管理员权限 <BR><BR>　　4、管理员身份运行cmd，输入c:\\bootsect.exe/nt60 c:并回车(最好复制，中间有空格) <BR><BR>　　5、重启系统自动进入安装界面，点左下角的修复计算机repair my computer) <BR><BR>　　6、选择最后一项命令提示符，进入DOS窗口，输入D:\\7057\\sources\\setup.exe进入安装界面 <BR><BR>　　7、选择安装语言、格式化C盘，就OK了','Ok3w新闻发布系统','Ok3w新闻发布系统','2009-04-25 00:57:58','1',0,'',1,0,0,0,0,0,0),(67,1,109,'0,107,109,','WINDOWS XP注册表技巧应用汇集','<P>　　 Windows XP系统的注册表具有非常重要的作用，但同时也可利用它来实现一些个性化的应用需要，以下即进行了详细的列举说明。</P>\r\n<P>　　■<STRONG>1.Windows XP注册表完全破解</STRONG> </P>\r\n<P>&nbsp;</P>\r\n<P>　　现在越来越多朋友在使用Windows XP，不过在此请使用Windows XP的朋友务必检查一下注册表中的“RegDone”键值。打开注册表编辑器，依次打开如下子键HKEY_LOCAL_MACHINE\\SOFTWARE \\Microsoft\\Windows NT\\CurrentVersion，将字符串“RegDone”的数由“0”改为“1”，这样才算完全注册了Windows XP。修改此值后，很多奇怪的小毛病因此而解决，不信可以试试看耶~~HOHO</P>\r\n<P>　　■<STRONG>2.加快窗口显示速度</STRONG></P>\r\n<P>　　我们可以通过修改注册表来改变窗口从任务栏弹出、以及最小化、还原等动作。打开注册表编辑器，依次打开HKEY_CURRENT_USER\\ Control Panel\\Desktop\\WindowMetrics子键分支，在右边的窗口中找到“MinAniMate”键值（类型为REG_SZ字符串）。默认情况下此键值的值为“1”，表示打开窗口显示动画。把其值改为“0”，则禁止动画的显示。重启即可生效。</P>\r\n<P>　　■<STRONG>3.去掉“更新”选项</STRONG></P>\r\n<P>　　对大多的拥护来说，Windows XP的Windows Update功能似乎作用不大，我们可以这样去掉他，打开注册表编辑器，找到HKEY_CURRENT_USER\\Software\\Microsoft \\Windows\\CurrentVersion\\Policies\\Explorer，在其右侧窗口新建一个DWORD值 “NoCommongroups”，然后将其值更改为“1”。重启后一些公共组件就都看不见了。</P>\r\n<P>　　■<STRONG>4.加速网上邻居访问</STRONG></P>\r\n<P>　　使用过Windows XP的朋友可能知道，在Windows XP中访问网上邻居事是相当恼人的。系统会搜索自己的共享目录和可作为网络共享的打印机、以及任务中和网络相关的计划任务，然后才显示出来，这样下来速度就会比Windows 9X中慢了很多。其实这些功能我们并没有使用上，与其不用还不如删除他们，速度就会明显加快。打开注册表编辑器，找到 HKEY_LOCAL_MACHINE\\sofeware\\Microsoft\\CurrentVersion\\Exploer\\RemoteComputer \\NameSpace。删除其下{2227A280-3AEA-1069-A2DE08002B30309D}（打印机）和{D6277990-4C6A -11CF8D87-00AA0060F5BF}（计划任务）键，重新启动电脑，再次访问网上邻居，是不是发现快了很多呢。</P>\r\n<P>　　■<STRONG>5.去掉菜单弹出延迟</STRONG></P>\r\n<P>　　为了增强视觉感受，Windows XP中的菜单在打开时会有划出的效果，但这也会延缓打开速度。打开注册表编辑器，找到HKEY_CURRENT_USER\\Control Panel\\Desktop，在其右侧窗口中找到“MenuShowDelay”，然后将其值改为“0”就可以去掉菜单延迟效果啦。</P>\r\n<P>　　■<STRONG>6.增加磁盘缓存容量</STRONG></P>\r\n<P>　　磁盘缓存大小对于Windows XP的启动和运行起着至关重要的作用，但是默认的I/O页面文件比较保守。所以，对于不同的内存，采用不同的磁盘缓存时比较好的做法。打开注册表编辑器，找到子键HKEY_LOCAL_MACHINE\\SYSTEM\\CurrentControlSet\\Control\\SessionManager\\ Memory Management，在其右侧窗口中找到“IoPageLockLimit”，根据你自己电脑的内存容量修改其十六进制：64M：1000； 128M：4000； 256M10000； 512M或更大：40000。</P>\r\n<P>　　■<STRONG>7.修改CPU二级缓存</STRONG></P>\r\n<P>　　在正常情况下，Windows XP会自动识别CPU的二级缓存，但有时它并不会这样做，这就需要我们手动优化以改善CPU的性能啦！打开注册表编辑器，找到 HKEY_LOCAL_MACHINE\\SYSTEM\\CurrentControlSet\\Control\\SessionManager\\Memory Management，修改右侧窗口的“SecondLevelDataCache”键的十进制值：AMDDuron：64（kb）； CeleronA/Celeron2：128；PIII Mobile/PIII E（EB）/P4 D K6-3 D THUNDERBird rixIII：256；ADN K6-2/PII/PIII Katmai D Athlon：512；PII Xeon/PIII Xeon：1024。</P>\r\n<P>　　■<STRONG>8.自动关闭未响应的程序</STRONG></P>\r\n<P>　　在Windows XP操作系统中，通过次设置可以使系统自动关闭没有响应的程序，而不需要进行麻烦的手工干预操作。享要实现这个功能，请打开注册表编辑器，依次打开如下子键HKEY_CURRENT_USER\\Control Panel\\Desktop，将其右侧窗口中“AutoEenTasks”的键值设置为“1”即可。</P>\r\n<P>　　■<STRONG>9.修改登陆背景图案</STRONG></P>\r\n<P>　　用Windows XP一段时间后，是不是已经厌倦了它那单调的登陆图案？现在就给它来点新鲜的！！打开注册表编辑器，找到如下子键HKEY-USERS\\.DEFAULT \\Control Panel\\Desktop，在其右侧窗口双击“Wallpaper”，键入选择好的图片路径，如E：\\windly.bmp 点击“确定”返回。然后找到“Tilewallpaper”将其值修改为“1”，重新启动系统即可看到效果。</P>\r\n<P>　　■<STRONG>10.修改登陆时背景色</STRONG></P>\r\n<P>　　如果你还享修改登陆时的背景颜色，请打开注册表编辑器依次找到HKEY-USERS\\.DEFAULT\\Control Panel\\Colors子键分支，将其右侧窗口中的“Background”键值设置为你自己喜欢的颜色值（比如说黑色的RGB值为0 0 0，白色的RGB值为255 255 255）然后重新启动即可。</P>\r\n<P>　　※注：RGB值可以在FLASH 或 Photosho等软件中查到！</P>\r\n<P>　　■<STRONG>11.设置启动警告信息</STRONG></P>\r\n<P>　　如果在启动Windows XP时，希望显示一些自己定义的个性化信息，那么请打开注册表编辑器，找到HKEY_LOCAL_MACHINE\\SOFTWARE\\Microsoft \\Windows NT\\CurrentVersion\\Winlogon子键分支，在其右侧窗口新建一个字符串值“LegalNoticeCaption”。双击修改，在 “数值数据”文本框中输入信息对话框的标题，比如“欢迎使用UJ管理计算机”。然后再新键一个字符串值“LegalNoticeText”，双击，在随后出现的“编辑字符串”窗口中输入想要显示的警告信息，比如“UJ管理计算机由靓靓专人使用，谢谢合作！”。单击“确定”按钮，重新启动计算机即可看到修改的效果了。</P>\r\n<P>　　■<STRONG>12.任意定制按钮颜色</STRONG></P>\r\n<P>　　尽管Windows XP本身带有多种窗口显示方案，但如果拥护想定义某一个部分的颜色，比如把按钮的颜色由黑变为蓝色或变红色，这是就需要修改注册表了。打开注册表编辑器，找到HKEY_CURRENT_USER\\Control Panel\\Clolrs子键分支，双击右侧窗口中的“Bottontext”，在打开的对话框中将其键值改为你想要颜色的值，比如说红色（255 0 0） 修改后重起系统即可看到效果了。此时按钮上的文字颜色将变成红色，此外你还可以修改按钮的宽度和高度及背景等参数。</P>\r\n<P>　　■<STRONG>13.禁止Dr.Watson的运行</STRONG></P>\r\n<P>　　大家都知道，Dr.Watson是自带的系统维护工具，它回在程序加载失败或崩溃时显示，我们可以通过注册表来取消它。打开注册表编辑器，找到 HKEY_LOCAL_MACHINE\\SOFTWARE\\Microsoft\\Windows NT\\CurrenVersion\\AeDebug子键分支，将其右侧窗口中“Auto”键值的数值数据修改为“0”，按F5键刷新即可设置生效。</P>\r\n<P>　　■<STRONG>14.删除</STRONG>IE<STRONG>工具冽表上其他图标</STRONG></P>\r\n<P>　　打开注册表编辑器，找到子键HKEY_LOCAL_MACHINE\\SOFTWARE\\Micorosoft\\Internet Explorer\\Extensions，检查各数字文件夹的内容，将不需要的整个文件夹删除即可。</P>\r\n<P>　　■<STRONG>15.删除IE工具栏上其他的项目</STRONG></P>\r\n<P>　　打开注册表编辑器，然后依次打开如下子键HKEY_LOCAL_MACHINE\\SOFTWARE\\Microsoft\\InternetExplorer\\toolbar，检查各项内容，将不需要的项目删除即可。</P>\r\n<P>　　■<STRONG>16.禁用内存面调度（PagingExecutive）</STRONG></P>\r\n<P>　　在正常情况下，Windows XP会把内存中的片断写入硬盘，我们可以组织它这样做，让数据保留在内存中，从而提升系统性能。要注意的时，拥有很多内存的拥护（256M以上）才好使用这个设置。打开注册表编辑器，找到子键HKEY_LOCAL_MACHINE\\SYSTEM\\CurrentControlSet\\Control\\ Session Manager\\MemoryManagement，将其右侧窗口中的“DisablePagingExecutive”值由“0”改为“1”就可以禁止内存页面调度了。</P>\r\n<P>　　■<STRONG>17.重新安装Internet Explorer</STRONG></P>\r\n<P>　　打开注册表编辑器，找到HKEY_LOCAL_MACHINE\\SOFTWARE\\Microsoft\\Active Setup\\Installed Components\\{89820200-ECBD-11cf-8B85-00AA005B4383}，将“IsInstalled”键的\\DWORD \\值改为“0”，这样更改可使系统认为IE尚未安装。退出注册表编辑器后，就可以重新安装Internet Explorer了。</P>\r\n<P>　　■<STRONG>18.加快Windows XP开、关机速度</STRONG></P>\r\n<P>　　打开注册表编辑器，然后在找到子键HKEY_CURRENT_USER\\Control Panel\\Desktop，将字符串值“HungAppTimeout”的值改为“200”，将字符串值“WaitToKillAppTimeout” 的值更改为“1000”。再打开HKEY_LOCAL_MACHINE\\SYSTEM\\CurrentControlSet\\Control子键，将字符串值“HunAppTimeout”改为“200”，将字符串值“WaitToKillServiceTimeout”的数值数据更改为“1000”即可。</P>\r\n<P>　　■<STRONG>19.卸载无用的动态连接</STRONG></P>\r\n<P>　　纪元管理器经常载内存中留下无用的动态连接，为了消除这种现象，打开注册表编辑器，找到子键HKEY_LOCAL_MACHINE\\SOFTWARE\\ Microsoft\\Windows\\CurrentVersion\\Explorer，在右侧窗口中新增加一个DWORO项值 “AlwaysUnloadDLL”。默认值设置为“1”，如果默认值设定为“0”，则代表停用此功能。为了让设置生效，需要重新启动计算机。</P>\r\n<P>　　<STRONG>■20.加快宽带接入速度</STRONG></P>\r\n<P>　　针对不同的Windows版本有不同的设置方法</P>\r\n<P>　　<STRONG>针对家用版本：</STRONG></P>\r\n<P>　　打开注册表编辑器，找到HKEY_LOCAL_MACHINE\\SOFTWARE\\Policies\\Microsoft\\Windows，新增加一个名字为“Psched”的项，在“Psched”右面窗口增加一个DWORD值“NonBestEffortLimit”，并将其数设置为“0”。</P>\r\n<P>　　<STRONG>针对专业版本：</STRONG></P>\r\n<P>　　运行gpedit.msc打开本地计算机策略，在左边窗口中选取计算机配置→管理模板→网络→QoS数据包调度程序，在右边的窗口中双击“限制可保留的带宽”，选择“已启用”并将下边“带宽限制（%）”设为“0”，重起即可生效。</P>\r\n<P>　　■<STRONG>21.加快自动刷新率</STRONG></P>\r\n<P>　　打开注册表编辑起，找到子键HKEY_LOCAL_MACHINE\\SYSTEM\\CurrentControlSet\\Control\\Update，将其有侧窗口中的“UpdateMode”项的数值更改为“0”，重起电脑即可生效。</P>\r\n<P>　　■<STRONG>22.利用CPU的L2 Cache 加快整体效果</STRONG></P>\r\n<P>　　打开注册表编辑器，展开HKEY_LOCAL_MACHINE\\SYSTEM\\CurrentControlSet\\Control\\ SessionManager\\MemoryManagement，在右边窗口中将“SecondLevelDataCache”的数值数据更改为与 CPU L2 Cache相同的十进制数值。例如P4 1.6G A\\的L2 Cache为512KB，因此数值数据应改为十进制数值512。</P>\r\n<P>　　■<STRONG>23.启动时运行Defrag程序</STRONG></P>\r\n<P>　　打开注册表编辑器，找到子键HKEY_LOCAL_MACHINE\\SOFTWARE\\Microsoft\\Dfrg\\BootOptimizeFunction。字符串值“Enable”设定为“Y”表示开启此功能而设定为“N”表示关闭此功能。</P>\r\n<P>　　■<STRONG>24.预读设置以提高速度</STRONG></P>\r\n<P>　　Windows XP使用了预读设置这一技术，用来提高系统速度。如果你拥有PIII 800以上的CPU，512M以上内存，可以进行以下设置：打开注册表编辑器，找到子键HKEY_LOCAL_MACHINK\\SYSTEM\\ CorrenrControlSet\\Control\\Session Manage\\Memory Managment\\PrefetchParameter，可以将\"EnablePrefetcher\"的数值更改为0，1，2，3。其中0表示 Disable（关闭预读，这样可以大大提高启动速度，但这样会引起系统安全性和稳定性）；1表示预读应用程序；2表示启动预读；3表示前两者皆预读（推荐使用）。</P>','Ok3w新闻发布系统','Ok3w新闻发布系统','2009-04-25 00:58:32','1',0,'',1,0,0,0,0,0,2),(68,1,115,'0,84,115,','浅谈汽车类网站锁定网友的秘籍','<P>做网站实际就是一个心理学，我们要揣摩网友的心理，针对相应的人群我们做出相应的需求。就可以锁定我们的网友了。下面就是一个实例。</P>\r\n<P>网友是网站赖以第生存的条件，而汽车网站如何锁定我们的网友呢？首先们要将我们的网友进行细分比如：虎拜车友网（www.hubai.com）这个网站他将车友进行化分为有车的、有购买欲望的，没有车的三个类型。再针对他们做出具体分析如：有车的人如老板、城市白领、小资。将这些细化以后我们就要针对不同的人群做出他们的需求，现代社会我们是以达到欲望为基础的，他们来你的网站做什么，你能够为他们提供那些服务。</P>\r\n<P>针对这么多的问题，虎拜车友网的运营部就做出了不同的规划，网站要以网友为基础，以满足他们的需求为目的。针对这些需求，就规划出了这么一些栏目：活动、谈车论市、 自驾装备、路书游记、改装酷区、网友爆料、灌水乐园、养护维修等。现在我们来分析这些栏目的重要性吧。</P>\r\n<P>活动：平时我们很少出游，都是上班，忙，而到节假日的时候我们肯定想出去玩咯，设这个栏目的目的是为了将我们平时好玩的地方发出来，有哪些好的活动号召大家一起去玩，内容可以放我们活动的纪实图片，在网站上让大家一块分享我们玩的快乐。</P>\r\n<P>谈车论市：是让有车的网友做一个对比，无车的想买车的做一个参考，因为大家可以在这里发布自己的购车计划，而且这样其它的网友也可以为你出谋划策，让他们在购买爱车时候有更多的参考（而且这些参考的实际意义非常大）。还有像有车的网友也可以写写他们开车用车过程中的一些感受，不爽的就鄙弃，爽的就高扬它，呵呵严重了。</P>\r\n<P>自驾装备：我们有车，肯定想在节假日出去玩，那自驾的装备肯定不能少啊！这样才能让你的出行更无忧，可以放心大胆的上路。</P>\r\n<P>路书游记：这个栏目是专一为我们喜欢长途旅行的车友设置的，我们出游的时间很长，我们就要做成游记，让后面想和你有一样想法的车友有个对比。而且可以长经验，自己出游的时候可以事先有个准备和安排，而且可能在出行的时候碰到一些问题也能够做个预防，怎样才能做得更好。</P>\r\n<P>改装酷区：现在的车友不但已经不满足自己只是开着一辆原厂的动力铁躯到处爬行，而是想自己动手或者找专门的地方对自己的车进行“改头换面”，比如看到别人的车很有动力，跑起来很快，外形很酷，也想改一下，我们不是第一个吃螃蟹的人，这里已经有人捷足先登了，看看他们改出来的样子，你就可以将你的车改成类似的样子。有可能比他们的更酷。</P>\r\n<P>网友爆料：当你看到有一些惊奇特怪的事情就可以发到这里，让其它的网友一睹为快，更快更准的了解到事情。</P>\r\n<P>养护维修：汽车就像我们的孩子，在时间的脚步上，肯定需要保养一下，才好让我们的车像新买的一样，那么在这个栏目里就可以找到汽车在什么时候需要保养一下。加什么样的养护剂，如果过了免费保养周期，我们在那里的保养好等一系列的事情都可以在这里找到。</P>\r\n<P>虎拜车友网现在已经发展到有四个分站。开分站并不是说想开了就开，而是要根据分站的冷热程度来开，这是最佳的方式，当然，硬是先开了再集结网友过来也不是不可能，只是这样坐起来比较有难度。不过分站开的越多或许可以为越多的网友提供交流的场所，不定杀灭时候已经有很多人在上面自觉集结在一块了，只是这个需要你的网站各方面，特别是功能体验上也非常得好。</P>\r\n<P>网友在你网站停留的时间取决于你网站与他的需求相切有多少。</P>\r\n<P>还有很多，我这里就不一一列举了。</P>\r\n<P>有了这些栏目你宣传也会好做一些，宣传出去了，只要是对车感兴趣的网友肯定会记住你的网站。因为你这里有他需要的一部分。</P>','Ok3w新闻发布系统','Ok3w新闻发布系统','2009-04-25 00:59:19','1',0,'',1,0,0,0,0,0,0),(69,1,115,'0,84,115,','网站建设过程中常见的5个HTML错误','<P>　　网站建设过程中常见的5个HTML错误</P>\r\n<P>　　1.网页背景色的设置　</P>\r\n<P>　　犯错机率：很大　</P>\r\n<P>　　普遍性：较广　</P>\r\n<P>　　犯错可能性：懒/不知道　</P>\r\n<P>　　约2年前我曾发现21cn上出现过一次没有设置背景色的情况，当时我用Email通知了他们，自此之后这个问题我从没犯过。　</P>\r\n<P>　　绝大部分人的窗口背景颜色都是白色，但如果象我这样个性的人，就会把windows窗口的背景颜色改成灰色或其他色，这样一来，如果你没有设置网页的背景颜色的话，你以为正常的网页在我的电脑上看起来会是一团糟。　</P>\r\n<P>　　2.Align　center（自动居中）的滥用　</P>\r\n<P>　　犯错机率：非常大　</P>\r\n<P>　　普遍性：非常广　</P>\r\n<P>　　犯错可能性：以为方便/以为好用　</P>\r\n<P>　　工作中，修改、维护别人的网页是家常便饭，发现不少人有一个陋习：　</P>\r\n<P>　　在表格中的文字或图片，你是这样来令它居中、靠左或靠右过？　</P>\r\n<P><CODE><FONT face=新宋体>　〈div　align=\"center\"&gt;大家好啊！！〈/div&gt;　<BR>　　〈div　align=\"center\"&gt;〈img　src=\"/xx.gif\"&gt;〈/div&gt;</FONT></CODE></P>\r\n<P>　　当有些表格很多、文字很多、内容分得很细的时候，爱用这种方法（它在DW里的快捷键是Ctrl+Alt+C，FP不知道是什么）的人往往会狂用，惨了，我一碰到这样的网页就头痛，为什么要用那么多〈div&gt;来居中呢？tell　me　why？难道表格没有居中属性吗？为什么要加入这些垃圾代码？特别修改的时候也不能把文字或图片删除了就能自动清除　</P>\r\n<P>　　建议使用〈td　align=\"center\"&gt;来居中，当需要多重定位的时候，才考虑〈div　align=\"center\"&gt;，因为这个代码并不好处理，所以能用表格代替就用表格替代。　</P>\r\n<P>　　3.重复使用实现相同功能的代码、或杂七杂八的乱套代码　</P>\r\n<DIV id=clickeye_content>\r\n<DIV class=article_c id=fontsize>\r\n<P>　　犯错机率：非常普遍　</P>\r\n<P>　　普遍性：非常普遍　</P>\r\n<P>　　犯错可能性：复杂多样　</P>\r\n<P>　　大家先来看一看下面的代码：　</P>\r\n<P><CODE><FONT face=新宋体>　〈center&gt;〈p&gt;〈font　&gt;〈font　&gt;〈font　color=\"#CCCCCC\"&gt;〈font　color=\"#FFA76C\"　style=\"font-size:14px;font-family:隶书\"&gt;标　题〈/font&gt;〈/font&gt;〈/font&gt;　</FONT></CODE></P>\r\n<P>　　〈/center&gt;你觉得这样的代码看起来感觉怎么样呢？〈/font&gt;〈/p&gt;　</P>\r\n<P>　　我不知道读者有什么感觉，压根我一看到这样的代码就会先自我麻木十来秒，这十来秒目的是为了找一个能表达我的思想感情的词（我？你想反问我吗？sorry~~，我一般不犯，因为我做网页至少有一半以上的时间在浏览代码，代码中多了不该多的东西我一眼就能看出来。）。　</P>\r\n<P>　　看看上面的代码，使用了2个class，4个font来定义2个文本，其实这样的问题很多时候是在大家不断的修改中产生的，对代码不熟、或懒查看代码、又或不喜欢查看代码的人犯这些问题特别严重，当然，事实上别人浏览这个网页的时候，是没有任何问题的，但维护的人就…………。　</P>\r\n<P>　　这些多余的垃圾代码完全是可以省略掉的，其实上面的例子不够严重，更恐怖的我都见过。　</P>\r\n<P>　　另外还有一个问题也要提提的，就是〈p&gt;...〈/p&gt;和〈center&gt;...〈/center&gt;，为什么要用它们呢？tell　me　why~~，有甚者是这样的：　</P>\r\n<P><CODE><FONT face=新宋体>〈td&gt;〈div　align=\"center\"　&gt;　<BR>　　〈center&gt;　<BR>　　〈p　align=\"center\"&gt;〈/p&gt;　<BR>　　〈p　align=\"center\"&gt;〈font　&gt;〈font　&gt;〈font　color=\"#CCCCCC\"&gt;〈font　color=\"#FFA76C\"　style=\"font-size:14px;font-family:隶书\"&gt;标　题〈/font&gt;〈/font&gt;〈/font&gt;　<BR>　　〈/center&gt;〈/td&gt;你觉得这样的代码看起来感觉怎么样呢？〈/font&gt;〈/p&gt;〈/center&gt;〈/div&gt;〈/td&gt;　</FONT></CODE></P></DIV></DIV>\r\n<DIV id=clickeye_content>\r\n<DIV class=article_c id=fontsize>\r\n<P>　　看到这样的代码我是会很无奈的（更无奈的是我经常看到，而且必须看），我来简化一下：　</P>\r\n<P><CODE><FONT face=新宋体>　〈td　align=\"center\"　&gt;　<BR>　　〈font　color=\"#FFA76C\"　style=\"font-size:14px;font-family:隶书\"&gt;标题〈/font&gt;　</FONT></CODE></P>\r\n<P>　　你觉得这样的代码看起来感觉怎么样呢？〈/td&gt;　</P>\r\n<P>　　是不是看起来觉得这个世界安静了很多？\"标题\"后面的文字完成可以定义在〈td&gt;的class里，就算不用css，再用多一个〈.font&gt;也没问题，一样很清爽。　</P>\r\n<P>　　4.表格不正确嵌套　</P>\r\n<P>　　犯错机率：一般　</P>\r\n<P>　　普遍性：普遍　</P>\r\n<P>　　犯错可能性：对这个不了解　</P>\r\n<P>　　其实这是一个街知巷闻的问题了，但还是不断有人犯，不正确的嵌套表格，可能会令到你被老总叫到办公室里臭骂一顿，会令到你以为正常的网页用ADSL开2、3分钟都开不了。　先讲第一个问题，就是在一个大表格里不断地嵌套表格，这样会令到打开网页的速度变慢（虽然说现在的IE改善了这一问题，但还是不建议这样做），另一方面维护、修改也极不方便，一般来说简单的套用是没有问题的，甚至3、4层，但是不要把所有内容都放到一个表格里去。　第二个问题就是在一个大表格里放入所有内容，而其中包括一个免费的计数器代码，嘻嘻，你猜有可能出现什么情况呢？其实也没什么大不了的，最严重的就是你的IE象死机了一样，什么都没显示。解决方法就是把计数器单独放在一个表格里，别和其他内容一起放在同一表格。　</P>\r\n<P>　　5.写代码缩进的时候，不是使用Tab而是使用空格　</P>\r\n<P>　　犯错机率：一般　</P>\r\n<P>　　普遍性：较少　</P>\r\n<P>　　犯错可能性：不知道Tab更好用　</P>\r\n<P>　　这一个问题针对js、vbs、asp、php之类，html不能使用Tab会写一点程序的都知道什么叫缩进，怎么样缩进？有人使用空格，有人使用Tab，如果你是使用空格的，那么从现在起，改用Tab吧。</P></DIV></DIV>','Ok3w新闻发布系统','Ok3w新闻发布系统','2009-04-25 01:02:26','1',0,'',1,0,0,0,0,0,0),(70,1,115,'0,84,115,','B2C网站设计的七宗罪','<P>　　设计优良的网站和美观的网站有很大区别。一个设计优良的网站能自我推销，它能引领用户毫无阻碍地进入购买流程。除此之外，如果它很美观，当然很好。但是，切勿混淆这两个概念。</P>\r\n<P>　　设计的目的就是吸引用户停留在你的网站，引导他们了解你的信息，促使他们继续阅读并最终决定购买。</P>\r\n<P>　　<STRONG>设计的致命错误之一：龟速加载的网页和图表</STRONG></P>\r\n<P>　　倒数三秒。这在网络世界里已是过长的时间。如果你的主页要这么长时间才能打开的话，你可真有麻烦了。网络用户是极度缺乏耐心的族群，切记你也是其中之一。如果不能立刻看到你的网页，他们会转到其他界面更友好的网站。</P>\r\n<P>　　如果你必须在首页使用大型图表，可以用一个小图标连接到另一个大型图表页面，同时提醒用户可能需要等待页面打开。</P>\r\n<P>　　以下几条可以加速网页加载速度：</P>\r\n<P>　　减小页面上图表的文件大小。WebGraphics Optimizer是个很有用的工具。</P>\r\n<P>　　用HTML代码指定图表大小。比如这个代码：</P>\r\n<P>　　&lt;img src=\"graphic1.jpg\" height=\"240\" Width=\"65\"&gt;</P>\r\n<P>　　可以的话，用彩色文字代替图表。</P>\r\n<P><STRONG>　　设计的致命错误之二：缺乏抓人眼球的头条内容，吸引用户的注意力</STRONG></P>\r\n<P>　　好了，现在他们试着访问你的网站。现在你需要立刻抓住他们的注意力并使之相信，你的网站正是他们需要的。最好的方法就是一个格式美观、引人注意的头条，同时有动人的利益诱使他们深入阅读。</P>\r\n<P>　　下面是个格式美观且诱人的例子：</P>\r\n<P>　　“发现即瘦身又能随时尽享美食的秘密”</P>\r\n<P>　　“还有9岁儿童般充沛的无穷精力哦!”</P>\r\n<P>　　注意“尽享美食”，“瘦身”和“充沛的无穷精力”这些字眼，字体都被加粗或加了下划线，跳入读者视线。与下面经常看到的那种内容比较一下：</P>\r\n<P>　　“欢迎来到我的瘦身网站!本站出售50多种不同的减肥产品，包括药片，营养品和流行减肥书籍。请随意浏览，发掘适合你的产品。”</P>\r\n<P>　　上面的例子就完全没有排版，也缺乏诱人的东西。虽然介绍了网站出售的产品，但丝毫没提到这些产品会给购买的用户带来些什么效果。</P>\r\n<P>　　另外，告诉用户他们必须浏览网站来寻找他们需要的东西，实际上也在加重他们的负担。你应该引导访问者直接找到所需物品，而不是到处寻找。</P>\r\n<P><STRONG>　　设计的致命错误之三：分散注意力的网站图像和广告链接</STRONG></P>\r\n<P>　　不要放置指引去其它站点的广告和链接，包括Google广告。</P>\r\n<P>　　网站上的所有内容必须和网站最终目的有直接联系。不管是想让用户加入邮件列表，还是出售你的产品，任何与此目的无关的内容都应该立刻删除。</P>\r\n<P>　　当然了，假如网站的目的只是推广加盟产品或出售广告位，肯定需要各种图像广告和链接。但是，通过网页推广加盟产品，实际上也是在出售某种特殊商品，别再把两边都搞糟了。</P>\r\n<P>　<STRONG>　设计的致命错误之四：颜色和字体过多</STRONG></P>\r\n<P>　　没有什么比眼花缭乱的杂乱颜色和字体更显得业余了。</P>\r\n<P>　　选择一个主色和二至三个颜色，搭配两三个字体，可以使你的网站看起来很专业。随便参考几个设计优良的网站便会发现，它们在颜色和字体的选择上都非常保守。</P>\r\n<P>　<STRONG>　设计的致命错误之五：花纹背景</STRONG></P>\r\n<P>　　确保你的背景色实实在在只是背景!如果网站的背景色有花纹或颜色较暗，阅读文字便会比较困难。这样一来，诱导用户购买就更难。</P>\r\n<P>　　实验均表明，黑色文字白色背景，仅在边缘有色彩点缀的网站的转化率是最高的。</P>\r\n<P>　　从设计的角度来看，这可能略显单调。不过，从收入角度来看，好的销量重要得多吧。</P>\r\n<P>　　<STRONG>设计的致命错误之六：过多图表、动画或视频剪辑分散注意力</STRONG></P>\r\n<P>　　另一个很不专业的错误观点是：图片、各类图表、动图或视频剪辑会使网站更有趣。</P>\r\n<P>　　除了能说服用户购买的展示产品外貌或性能的视觉元素外，其他无用的装饰会分散用户的注意力且使他们偏离你希望他们遵循的流程。</P>\r\n<P>　<STRONG>　设计的致命错误之七：几乎无法阅读的大段文字</STRONG></P>\r\n<P>　　如果你看到网站上非常大段的文字会作何反应?你会去读吗?还是只是浏览一下?亦或跳过它去读些更短小的内容?</P>\r\n<P>　　如果你希望用户下订单前阅读的话，尽量让它更简单容易些。控制段落在六行内，调整段落为不同长度，使之看起来不同。层次分明的段落结构使在线阅读更容易接受。</P>','Ok3w新闻发布系统','Ok3w新闻发布系统','2009-04-25 01:03:31','1',0,'',1,0,0,0,0,0,0),(71,1,115,'0,84,115,','与Wordpress相比 坚守ZBlog的12个理由','<P>尽管WordPress是博客程序里面的老大,它的插件最多,模板最多,用的人最多等等.但ZBLOG对于国人来说还是有许多WordPress无法比的优势</P>\r\n<P>下面是我对2款博客程序的详细对比</P>\r\n<P><STRONG>WordPress</STRONG></P>\r\n<P>1.运动速度慢,优化WordPress博客速度需要时间和对WordPress的足够了解.</P>\r\n<P>2.国内PHP空间比较贵相对于ASP空间来说要贵上一倍</P>\r\n<P>3.易用性差,完全熟练需要时间</P>\r\n<P>4.seo优化功能需要花时间去挖掘.</P>\r\n<P>5.适合中国人阅读习惯的模板不多</P>\r\n<P>6.国内流行程度不如ZBLOG,ZBLOG可以与更多国内的CMS,论坛等程序配合使用.</P>\r\n<P><STRONG>ZBLOG</STRONG></P>\r\n<P>1.易用性是ZBLOG的最大优点,从安装到配置再到使用最后到优化都非常的简单,易操作.</P>\r\n<P>先从安装说起吧,ZBLOG有手动和自动安装包,你可以把自动安装包上传到空间上后直接在线解压安装,安装步骤只有几步,而且安装步骤清晰明了,让你省去上传文件的时间.并且不用去管目录的权限如何设置.</P>\r\n<P>个人认为手动安装一般只是适用于博客后期的问题修复或升级时才用的到.</P>\r\n<P>2.配置也很简单,在\"网站设置管理\"可以基本上全部搞定.而且功能非常的强大,仔细挖掘会让你有一想不到的收获.比如:</P>\r\n<P>可以在\"静态目录配置及文件重建设置\"里经过简单设置即可实现网站URL优化.大家可以参照我的博客URL去优化.</P>\r\n<P>http://www.huiyo.com/ 像我的博客就是采用了文章页和目录页URL目录化的优化方法.具体方法大家可以给我在线留言.</P>\r\n<P>单单从SEO优化角度去看ZBLOG和WordPress的话我个人认为是没有什么区别的. 都很强大,但ZBLOG用起来更简单.</P>\r\n<P>ZBLOG SEO优化还有几个不错的插件推荐下:</P>\r\n<P>Preload 通过缓存本地硬盘资源文件(图片、脚本等)，优化ZBLOG后台打开速度</P>\r\n<P>TitleSEO 实现文章标题倒序,文章标题名--分类名--BLOG名,更好的诠释文章内容</P>\r\n<P>Sitemaps 更新文章同时自己更新GOOGLE SITEMAP文件,方便搜索引擎抓取网页</P>\r\n<P>静态首页生成插件 更快的打开首页程度</P>\r\n<P>3.主题安装傻瓜化ZBLOG提供大量官方模板在线安装,而且速度飞快,省去站长下载模板并上传的时间.</P>\r\n<P>4.插件安装傻瓜化ZBLOG提供大量官方插件在线安装,省去站长下载模板并上传的时间.</P>\r\n<P>5.独特在线文件管理功能,省去了没有FTP软件时更改文件的烦恼.</P>\r\n<P>6.新建文章时可以自定义文章URL和具体时间. 这2项WordPress要想实现起来可不容易</P>','Ok3w新闻发布系统','Ok3w新闻发布系统','2009-04-25 01:04:18','1',0,'',1,0,0,0,0,0,0),(72,1,115,'0,84,115,','小规模低性能低流量网站设计原则','<P>到处都是什么大规模啊，高流量啊，高性能之类的网站架构设计，这类文章一是满足人们好奇心，但看过之后也就看过了，实际收益可能并不大；另外一个副作用是容易让人心潮澎湃，没学走先学跑，在很多条件仍不具备的情况下，<STRONG>过度设计、过度扩展</STRONG>(高德纳大爷也说过，\"过早优化是万恶之源\")，所以，这里反弹琵琶，讨论一下<STRONG>小规模</STRONG>、<STRONG>低性能</STRONG>、<STRONG>低流量</STRONG>的网站该如何搞法。</P>\r\n<P>如果站点起步阶段可能就是一台机器(或是一台虚拟机 )，这个时候，去关注什么数据拆分啊，负载均衡啊，都是没影子的事情。很多大站点的经验绝不能照搬，辩证的参考才是硬道理。</P>\r\n<H4>拥抱熟知的技术</H4>\r\n<P>动手构建站点的时候，不要到处去问别人该用什么，什么熟悉用什么，如果用自己不擅长的技术手段来写网站，等你写完，黄花菜可能都凉了。所以，有现成的软件组件可用，就不要自己重新发明轮子。人家说 Python 牛，但自己只懂 <ACRONYM title=\"PHP (Personal Home Pages) Hypertext Preprocessor&#13;&#10;\">PHP</ACRONYM> ，那就 <ACRONYM title=\"PHP (Personal Home Pages) Hypertext Preprocessor&#13;&#10;\">PHP</ACRONYM> 好了，如果熟悉 .net ?，那也不错。用烂技术不是丢人的事情，把好技术用烂才丢人。</P>\r\n<H4>架构层次清晰化</H4>\r\n<P>起步的阶段应该清楚的确定下来架构的层次。如果都搅和在一起，业务一旦扩增开来，如果原有的一堆东西拆不开就是非常痛苦的事情。</P><PRE>Web Server &lt;--&gt; (AppServer)&lt;--&gt;Cache(eg. Memcached)&lt;--&gt;DB</PRE>\r\n<P>层次清晰化的一个体现是(以 LAMP 架构为例)：<STRONG>即使只有一台机器，也应该起个 Memcached 的实例</STRONG>，效果的确非常好--一般人儿我不告诉他...不要把什么都压到 DB 上，DB 一旦 I/O 压力走到磁盘上，问题要暴露出来是很快的。没错，DB 本身也会利用自己的 Cache，但 DB 的Cache 和 Memcached 设计出发点毕竟不一样。</P>\r\n<H4>数据冗余? 有必要</H4>\r\n<P>很多人并不是数据库设计专家，如果应用要自己设计表结构什么的，基本都是临时抱佛脚，但三个范式很多人倒是记得牢，这是大多数小型 Web 站点遇到的一个头疼事儿，一个小小的应用搞了几十个表... 忘掉范式这个玩意儿! 记住，<STRONG>尽可能的冗余数据</STRONG>，你在数据层陷入的时间越多，你在产品上投入的就会越少。用户更关心的是产品的设计。</P>\r\n<H4>前端优化很重要</H4>\r\n<P>因为流量低，访客可能也不多，这时候值得注意的是页面不要太大，多数流量低的站点吃亏就在于一个页面动辄几兆(我前两天看到一个Startup的首页有4M之大,可谓惊人)，用户看个页面半分钟都打不开，你说咋发展? 先把基本的条件满足，再去<FONT color=#000000>研究前端优化。</FONT></P>\r\n<H4>功能增加要谨慎</H4>\r\n<P>不是有个 80/20 原则么? 把最重要的精力放在最能给你带来商业价值的地方。有些花里胡哨的功能带来很大的开销，反而收效甚微。记住，小站点，最有价值的是业务模式，而不是你的技术有多牛。技术是为业务服务的，不要炫技。</P>\r\n<P>有些网站不停的添加功能，恰恰是把这些新功能变成了压死自己的稻草。</P>\r\n<H4>从开始考虑性能</H4>\r\n<P>这一点是可选的，但也重要。设计应用的时候在开始就应考虑 Profile 这件事情。一套应用能否在后期进行有效优化和扩展，很大的程度限制在是否有比较合适的 Profile 机制上。需要补充的是，对性能的考虑必然要把有关的历史数据考虑进来。</P>\r\n<H4>好架构不是设计出来的</H4>\r\n<P>这是最后要补充的一点。好的架构和最初的设计有关系，但最重要的是发展中的演化：</P><PRE>发展--&gt;发现问题--&gt;反馈--&gt;解决问题(执行力)--&gt; 改进-&gt;进化到下一阶段--新问题出现(循环)</PRE>\r\n<P>有些站点到了某个阶段停足不前，可能卡在执行力这个地方，来自用户的反馈意见上来了之后，没有驱动力去做改进。最后也是死猪不怕开水烫了。最怕听到的就是\"业务不允许\"的托词，试想如果不改进业务都没了，那业务还允许么? 其实就是一层心理障碍。 </P>\r\n<P>这篇文章有浓重的山寨风格，所以，你不要太认真。如果在用短、平、快的方式构建某些山寨网站的话，可参考其中对你有益的点，不赞同的地方可以直接忽视掉，就没必要费力留言进行争论了。</P>\r\n<P>--EOF--</P>\r\n<UL>\r\n<LI>好的业务模式(产品) + 很好的技术 = 大赚钱 \r\n<LI>好的业务模式(产品) + 能用的技术 = 也赚钱 \r\n<LI>差的业务模式(产品) + 好的技术 = 赚吆喝(现在的SNS就差不多这样了) \r\n<LI>差的业务模式(产品) + 差的技术 = 自己浪费资源 </LI></UL>','Ok3w新闻发布系统','Ok3w新闻发布系统','2009-04-25 01:04:45','1',0,'',1,0,0,0,0,0,0),(73,1,115,'0,84,115,','小规模低性能低流量网站如何运营','<p>小规模低性能低流量网站如何运营 -原文链接：<a href=\"http://www.dbanotes.net/arch/small_site_arch.html\" rel=\"nofllow\" target=\"_blank\">http://www.dbanotes.net/arch/small_site_arch.html</a></p>\r\n\r\n<p>到处都是什么大规模啊，高流量啊，高性能之类的网站架构设计，这类文章一是满足人们好奇心，但看过之后也就看过了，实际收益可能并不大；另外一个副作用是容易让人心潮澎湃，没学走先学跑，在很多条件仍不具备的情况下，<strong>过度设计、过度扩展</strong>(高德纳大爷也说过，&quot;过早优化是万恶之源&quot;)，所以，这里反弹琵琶，讨论一下<strong>小规模</strong>、<strong>低性能</strong>、<strong>低流量</strong>的网站该如何搞法。</p>\r\n\r\n<p>如果站点起步阶段可能就是一台机器(或是一台虚拟机，比如 JobsDigg.com )，这个时候，去关注什么数据拆分啊，负载均衡啊，都是没影子的事情。很多大站点的经验绝不能照搬，辩证的参考才是硬道理。</p>\r\n\r\n<h4>拥抱熟知的技术</h4>\r\n\r\n<p>动手构建站点的时候，不要到处去问别人该用什么，什么熟悉用什么，如果用自己不擅长的技术手段来写网站，等你写完，黄花菜可能都凉了。所以，有现成的软件组件可用，就不要自己重新发明轮子。人家说 Python 牛，但自己只懂 PHP ，那就 PHP 好了，如果熟悉 .net ?，那也不错。用烂技术不是丢人的事情，把好技术用烂才丢人。</p>\r\n\r\n<h4>架构层次清晰化</h4>\r\n\r\n<p>起步的阶段应该清楚的确定下来架构的层次。如果都搅和在一起，业务一旦扩增开来，如果原有的一堆东西拆不开就是非常痛苦的事情。</p>\r\n\r\n<pre>\r\nWeb Server &lt;--&gt; (AppServer)&lt;--&gt;Cache(eg. Memcached)&lt;--&gt;DB</pre>\r\n\r\n<p>层次清晰化的一个体现是(以 LAMP 架构为例)：<strong>即使只有一台机器，也应该起个 Memcached 的实例</strong>，效果的确非常好--一般人儿我不告诉他...不要把什么都压到 DB 上，DB 一旦 I/O 压力走到磁盘上，问题要暴露出来是很快的。没错，DB 本身也会利用自己的 Cache，但 DB 的Cache 和 Memcached 设计出发点毕竟不一样。</p>\r\n\r\n<h4>数据冗余? 有必要</h4>\r\n\r\n<p>很多人并不是数据库设计专家，如果应用要自己设计表结构什么的，基本都是临时抱佛脚，但三个范式很多人倒是记得牢，这是大多数小型 Web 站点遇到的一个头疼事儿，一个小小的应用搞了几十个表... 忘掉范式这个玩意儿! 记住，<strong>尽可能的冗余数据</strong>，你在数据层陷入的时间越多，你在产品上投入的就会越少。用户更关心的是产品的设计。</p>\r\n\r\n<h4>前端优化很重要</h4>\r\n\r\n<p>因为流量低，访客可能也不多，这时候值得注意的是页面不要太大，多数流量低的站点吃亏就在于一个页面动辄几兆(我前两天看到一个Startup的首页有4M之大,可谓惊人)，用户看个页面半分钟都打不开，你说咋发展? 先把基本的条件满足，再去研究前端优化。</p>\r\n\r\n<h4>功能增加要谨慎</h4>\r\n\r\n<p>不是有个 80/20 原则么? 把最重要的精力放在最能给你带来商业价值的地方。有些花里胡哨的功能带来很大的开销，反而收效甚微。记住，小站点，最有价值的是业务模式，而不是你的技术有多牛。技术是为业务服务的，不要炫技。</p>\r\n\r\n<p>有些网站不停的添加功能，恰恰是把这些新功能变成了压死自己的稻草。</p>\r\n\r\n<h4>从开始考虑性能</h4>\r\n\r\n<p>这一点是可选的，但也重要。设计应用的时候在开始就应考虑 Profile 这件事情。一套应用能否在后期进行有效优化和扩展，很大的程度限制在是否有比较合适的 Profile 机制上。需要补充的是，对性能的考虑必然要把有关的历史数据考虑进来。</p>\r\n\r\n<h4>好架构不是设计出来的</h4>\r\n\r\n<p>这是最后要补充的一点。好的架构和最初的设计有关系，但最重要的是发展中的演化：</p>\r\n\r\n<pre>\r\n发展--&gt;发现问题--&gt;反馈--&gt;解决问题(执行力)--&gt; 改进-&gt;进化到下一阶段--新问题出现(循环)</pre>\r\n\r\n<p>有些站点到了某个阶段停足不前，可能卡在执行力这个地方，来自用户的反馈意见上来了之后，没有驱动力去做改进。最后也是死猪不怕开水烫了。最怕听到的就是&quot;业务不允许&quot;的托词，试想如果不改进业务都没了，那业务还允许么? 其实就是一层心理障碍。</p>\r\n\r\n<p>这篇文章有浓重的山寨风格，所以，你不要太认真。如果在用短、平、快的方式构建某些山寨网站的话，可参考其中对你有益的点，不赞同的地方可以直接忽视掉，就没必要费力留言进行争论了。</p>\r\n\r\n<p>--EOF--</p>\r\n\r\n<ul>\r\n	<li>好的业务模式(产品) + 很好的技术 = 大赚钱</li>\r\n	<li>好的业务模式(产品) + 能用的技术 = 也赚钱</li>\r\n	<li>差的业务模式(产品) + 好的技术 = 赚吆喝(现在的SNS就差不多这样了)</li>\r\n	<li>差的业务模式(产品) + 差的技术 = 自己浪费资源</li>\r\n</ul>\r\n','Ok3w新闻发布系统','Ok3w新闻发布系统','2009-04-25 01:05:54',NULL,0,'',1,0,0,0,1,0,1),(74,1,115,'0,84,115,','个人下载类网站使用的服务器组装','<P>　　下载服务器的各项硬件要求，首先是CPU和内存，既然是下载，基本上不占用什么CPU资源和内存，只要硬盘跑的快就可以了，然后是网卡不会由于下载流量大而卡住，如果带宽在10M以下和连接数不是特别的哦，个人觉得用集成的网卡就够用了，大家想想看平时咱们局域网传资料的时候集成的网卡跑个7、8十M/s 很久都没有问题的，如果带宽在10M以上就最好用个独立网卡，一般我们用inter的独立网卡，虽然贵点，但是当带宽和连接数过多的时候能够有保证。电源的话咱们选择功率大点品牌的服务器电源即可，这个因为市场不大，所以也没有太多的数据说那个电源好，那个不好，大家看着办，一般质量好的电源的外观和电线质量看一下和用手一摸就知道好坏。</P>\r\n<P>　　关于数据安全性，如果提供下载的数据有备份或者更新很少，再或者您对数据要求性不高，就没有必要做Raid，有人说单块硬盘空间太小，要做下载的分区应该要很大才行，对于这个问题，我给大家的解决方案是这样的，如果是提供http下载，以iis为例，你可以在主目录上新建几个虚拟目录映射到其它硬盘的分区即可，如果您提供的下载是ftp，则可以在Serv-U的域设置里面添加几个虚拟路径映射，把其它硬盘分区映射到ftp主目录里面，然后在用户目录访问管理增加这几个硬盘分区的访问权限即可。如果是像论坛那样的按月份自动创建目录的，其实一个月也就一个目录，自己手工创建二三十个目录也就两年不用管事了，电气中国(www.dianqi.name ) 提供图纸下载的服务器就是自动创建目录的，我一般都是一次创建几个月的虚拟目录，这样子不同月份的图纸有可能还在不同的硬盘，下载起来比起单块硬盘反映速度要快的多，这也是不做Raid的最大好处，比起做Raid那个麻烦和费用，这种方法方便省钱多了。</P>\r\n<P>　　如果不做Raid，建议您选择一台1u的加长机箱即可，那种短的机箱虽然便宜两三百快钱，可是以后想要加硬盘，就没有地方了。网卡的话如果是独立的，1u机箱里面必须要找那种矮的网卡，普通pc网卡可插不进1u的机箱，太高了，那种矮的网卡肯定是有的，只要你用心去找，虽然比较难找啊。</P>\r\n<P>　　如果您要做Raid，对数据安全性不高的可以选择做Raid0，简单点的说就是把几块硬盘叠加到一起用，空间会增加几倍，但是只要有一块坏掉，所有数据都丢失，Raid0的速度也是最快的，但是安全性最差。如果数据安全性相当高，就可以做Raid1，一般只有银行这些单位才会用，跟Raid0正好相反，每份数据都写入所有硬盘，所以Raid1速度最慢，但是安全性最好，有些单位除了最Raid1外还加几块热备硬盘，不过咱没那个钱烧就不说了。</P>\r\n<P>　　Raid的折中方案，大家用的最多的就属Raid5了，就是用N(N》=3)块硬盘当N-1块硬盘用，这样子可以坏掉一块硬盘而不影响整理数据，还可以增加热备硬盘，当有硬盘坏掉的时候自动顶替坏掉的硬盘，这样子可以坏掉更多的硬盘而不丢数据了。</P>\r\n<P>　　如果是用做Raid的配置，一般就要选择至少2U或者4u甚至更大的10U机箱了，关键是看你要用多少个硬盘，有多大的空间可以放，支持2u的raid卡我用过火箭的，还不错，可以支持2个T，价格700多，用其它牌子的会便宜些，不过我没找到能支持2u的那种矮Raid卡，大家知道有的话也可以说出来供大家分享。</P>\r\n<P>　　最后一点关于硬盘类型的选择，有人说普通Pc的硬盘不稳定啊什么的，我们要用scis硬盘和scis卡拉，这个我不反对，但是你看看那个价格，吓死人的，而且有钱买这个的一般都直接买品牌机了，也就不用组装了，但是总体价格一般是组装的几倍。这里顺便提下上次看到一个资料，说是google自己机房的服务器其实都是用的普通pc的配件，硬盘还是ide的呢，人家照样跑的好好的。其实我用过很多服务器都是用的普通的串口硬盘，基本上没有出现过说硬盘卡住死机之类的问题。其实普通Pc硬盘出现坏道前一般都会有一段时间速度开始变的很慢，你在服务器上安装个hdtune检测下就知道好坏了，或者直接用Raid卡的控制软件就可以看到硬盘好坏。</P>','Ok3w新闻发布系统','Ok3w新闻发布系统','2009-04-25 01:06:22','1',0,'',1,0,0,0,0,0,0),(75,1,115,'0,84,115,','搭建一个强壮网站内部结构设计','<P>　　1.网站页面HTML优化。这点是最基本的。困为脚本语言需要用户访问执行，速度慢。内容在用户访问时临时产生。没形成固定的文件。如果你网站改造成生成HTML网页麻烦的话，可以用URL重写。这样也可以将动态网页地址重写成静态地址。但效果没生成静态网页存在硬盘里的效果好。</P>\r\n<P>　　2.网站的链接的优化。网站链接是你告诉搜索机器人和您的用户你网站内容的方法。所以链接策略也是网站内部结构优化很重要的一个元素。链接策略包括目录及URL的写法，导航链接，文内链接，网站地图。</P>\r\n<P>　　目录及URL的写法：</P>\r\n<P>　　A。目录层级：</P>\r\n<P>　　1.用逻辑的方式安排目录。首页-》栏目页-》内容页。</P>\r\n<P>　　2.目录结构最好用一级到二级。不要超过三级。</P>\r\n<P>　　3.把所有网页都放在根目录当中。</P>\r\n<P>　　B。URL静态化：</P>\r\n<P>　　去掉url中的“?”和“=”等符号，用“/” 代替。</P>\r\n<P>　　C。URL的写法：</P>\r\n<P>　　1.目录和文件包涵关键词：可采用英文和拼音的形式。</P>\r\n<P>　　2.如果URL中有多个关键字需要分隔。请不要用下划线，请用“-”。</P>\r\n<P>　　导航链接：</P>\r\n<P>　　A。主导航醒目清晰充分：采用带有关键词的文字链接，尽量采用符合用户搜索习惯的词语。</P>\r\n<P>　　B。列出当前页所有的路径 ：如：您当前位置：首页 -》 三七商城-》 三七粉 您当前位置：首页 -》 The Face Shop 商城</P>\r\n<P>　　C。为每个导航链接添加TITLED。不要用Java***或用Falsh做导航链接。因为脚本和Flash搜索机器人无法识别。搜索机器人也就无法找到你的导航。对搜索机器人最友好的就是HTML了。</P>\r\n<P>　　文内链接：</P>\r\n<P>　　在您网站内容文章内的关键字上请加上你首页的链接，如果文章很长，请加上上一篇和下一篇链接分成多篇内容。</P>\r\n<P>　　网站地图：</P>\r\n<P>　　A。确认网站内没有死链接。死链接就是网页不存在，但链向该页的链接还在的情况。请不要让这种情况产生。</P>\r\n<P>　　B。网站地图超过100条链接，请用分页来制作。</P>\r\n<P>　　C。生成网站的XML格式的SiteMap文件放在网站根目录中。并在google网站管理员工具中提交。</P>\r\n<P>　　3。 网站关键词优化： 网站关键词优化包括关键词的分布和密度等。</P>\r\n<P>　　关键字分布与密度：</P>\r\n<P>　　A。关键词的选择：一个页面确定3个以内的核心关键词，围绕核心关键字进行排列组合产生关键词组或短句;核心关键词可以选择页面内出现最多的词语，要符合搜索者的心理，不要用意义太泛的关键词。</P>\r\n<P>　　B。关键词的分布：无所不在，有所侧重。在下面这些地方用一次关键词：网页标题，说明标签，正文标题，网址URL，黑体，斜体，网页的最开始部分。</P>\r\n<P>　　关键词的密度 ：关键字密度一般在 1% 到 7% 较为合适。</P>\r\n<P>　　关键词相关性控制：</P>\r\n<P>　　在内容页增加同类文章列表和相关文章列表。以添加内容页的相关性，减小信噪比。</P>\r\n<P>　　关键词Tags的应用：</P>\r\n<P>　　针对热门的关键词制作Tags系统，增加页面间的相关性，提升关键词的排名。</P>\r\n<P>　　4.页面的优化： 页面的优化包括Title优化，Meta优化，脚本优化，CSS优化，字体标签优化，布局优化，框架优化和页面去冗优化。</P>\r\n<P>　　Title及Meta的优化：</P>\r\n<P>　　A。Title</P>\r\n<P>　　Title简短精炼，高度概括，含有关键词，但关键词不宜过多，不要超过3个词组 。 前几个词对搜索引擎最重要，因此关键词位置尽量靠前。 最好将title组织成符合语法结构和阅读习惯的短句或短语，避免罗列式title。Title的长度最好不要超过40个字符。每个页面的title不要完全相同。</P>\r\n<P>　　B。关键词(Keywords)</P>\r\n<P>　　keywords书写的关键是每个词都能在内容中找到相应的匹配</P>\r\n<P>　　C。描述(description)</P>\r\n<P>　　描述中出现关键词，与正文内容相关， 同样遵循简短原则，字符数含空格在内不要超过200个字符，补充在title和keywords中未能充分表述的说明。</P>\r\n<P>　　脚本优化：</P>\r\n<P>　　A。不要用脚本制作导航链接，如用document.write显示正文，会影响搜索引擎对页面内容的搜索</P>\r\n<P>　　B。将脚本文件作为外部文件使用。如：将java***脚本置入一个.js扩展名的文件《*** src=“脚本名称”》《/***》; 将脚本源代码移至源码底部。</P>\r\n<P>　　CSS及字体标签优化：</P>\r\n<P>　　通过css控制HTML标签的风格，注意把所有css文件单独存放在外部文件中，如下：《link href=“css文件名” _fcksavedurl=“”css文件名“” _fcksavedurl=“”css文件名“” _fcksavedurl=“”css文件名“” rel=“stylesheet” type=“text/css” /》。</P>\r\n<P>　　《H1》《/H1》《b》《/b》。在文章标题或者导航链接不宜采用统一的CSS，应适当才采用《H》和《b》或者标红。</P>\r\n<P>　　布局及框架优化：</P>\r\n<P>　　布局简洁，减少Table嵌套，加快网页加载速度。这样才利于搜索引擎的收录。最好采用现在流行的DIV+CSS网页布局模式。优点是网页加载速度极快。但调DIV+CSS有点难调。不要用IFRAME或Frame框架网页。搜索对用IFRAME框架的网页很难收录。</P>\r\n<P>　　页面去冗优化：</P>\r\n<P>　　页面去冗：去掉冗余代码和空格，正常情况下一个页面的文件大小在20K左右，最好不要超过100K 。脚本和CSS采用外部文件的形式。</P>\r\n<P>　　采用DIV+CSS的形式，减少表格嵌套，尽量保持页面简洁，内容部分要尽量大于代码， 图片用压缩格式，图片加上alt标签。</P>','Ok3w新闻发布系统','Ok3w新闻发布系统','2009-04-25 01:10:34','1',0,'',1,0,0,0,0,0,1),(76,1,116,'0,84,116,','年轻气盛的中文SEO领域','<p>最近经常光顾了下searchenginewatch和blackhatworld。不由得感慨，中文SEO领域依然年轻气盛。</p>\r\n\r\n<p>1.不尊重前者</p>\r\n\r\n<p>以前看到一篇博文说中国互联网公司不懂什么叫权威，说的是中国互联网公司不懂得尊重经验和权威人士，其实中文SEO领域更是如此。人们喜欢把一些前辈的理念帖认为是废话，就如学生时代认为老师反复强调的好好学习一样。结果后来才发现自己重复着前者的错误，历史就是惊人的相似。</p>\r\n\r\n<p>2.不勤于思考</p>\r\n\r\n<p>很多的SEOer有着十分严重的崇拜意识，有着懒惰的思维能力。成天就知道等着SEO高手放案例，成天就等着别人给关键词。案例和关键词是可遇不可求，但真正去自我挖掘的少之又少。遇到问题就点名谁谁谁来帮忙，当然不是谁谁谁不愿意回答，只是他们不太想回答一句讨论了N久的火星话题。因为他们并不是SEO教师，不能将教材和理念反复的讲给不同的学生听。</p>\r\n\r\n<p>3.不勇于实践</p>\r\n\r\n<p>理论的东西看了一大堆，实践得很少。会做冷门词了，但对热门词望而却步；会做关键词排名了不会做整站SEO，即使会做整站SEO了也懒得向不同类型的站点SEO研究拓展。</p>\r\n\r\n<p>4.自我吹捧</p>\r\n\r\n<p>说实话，炒作是要建立在实力的基础上。如果你有实力，吹牛或许会带来一定的影响。但很多人做过几个案例就喜欢吹自己是SEO专家。头衔是别人给的而不是自己封的，掩耳盗铃的故事每天都在上演。</p>\r\n\r\n<p>5.浮躁盲目</p>\r\n\r\n<p>用浮躁来形容中文SEO目前的现状应该比较贴切。很多人太过于在乎网站收录量，关键词排名，流量等。这些的变化是很正常的，为什么要为了不变的变化而喜怒哀乐？静心的观察和思考才会有收获，愤青不能使SEO行业进步多少。有的盲目的追求网站收录量，关键词排名，流量等，但这一切好像和最终目标有距离，我想很多人的最终目标是赚钱。</p>\r\n\r\n<p>中文SEO正年轻气盛，而SEO中年要静心。</p>\r\n','Ok3w新闻发布系统','Ok3w新闻发布系统','2009-04-25 01:12:24',NULL,0,'',1,0,0,0,0,0,0),(77,1,116,'0,84,116,','用户体验应该注意的15点情况','<P><SPAN style=\"COLOR: #000000\"><FONT color=#000000>对于一个界定明确的用户群体来讲，其用户体验的共性是能够经由良好设计的实验来认识到。</FONT></SPAN></P>\r\n<P><FONT color=#000000>用户体验，英文叫做User Experience，缩写为UE或者UX。一种纯主观的在用户访问一个网站或使用一个产品（服务）的过程中建立起来的心理感受。他们的印象和感觉，是否成功，是否享受，是否还想再来/使用。他们能够忍受的问题，疑惑和BUG的程度。因为它是纯主观的，就带有一定的不确定因素。个体差异也决定了每个用户的真实体验是无法通过其他途径来完全模拟或再现的。</FONT></P>\r\n<P><FONT color=#000000>作为seo优化人员-用户体验应该注意的15点情况分别如下：</FONT></P>\r\n<P><STRONG><FONT color=#000000>1、超长的页面下载时间</FONT></STRONG></P>\r\n<P><FONT color=#000000>如果页面下载时间超过30秒，很难有用户会喜欢你的网站。</FONT></P>\r\n<P><STRONG><FONT color=#000000>2、无限制的使用Flash及图片</FONT></STRONG></P>\r\n<P><FONT color=#000000>适当的用一些图片及Flash，可以增加网站的生动性，增加视觉冲击力。但无限制的使用Flash及图片，会造成页面文件超大，占用浏览者的CPU资源，并且不利于页面更新及搜索引擎对网站的抓取。企赢营销在服务企业客户时也会遇到纯Flash的整站首页网站，建议网站建设过程中要考虑视觉效果的同时，把优化的因素重视起来。</FONT></P>\r\n<P><STRONG><FONT color=#000000>3、网站页面过长</FONT></STRONG></P>\r\n<P><FONT color=#000000>你认为有多少浏览者有兴趣看你网页中最下面的内容，不要拿自己来作比喻，因为99%以上的人才刚学会上网。</FONT></P>\r\n<P><FONT color=#000000>在一篇文章中提到：“1995年Jakob Neilson做的互联网用户调查，美国的用户在1994年的时候，只有10%的用户会拖动浏览器右边的滚动条，而绝大多数，90%的用户，打开一个网站，只看浏览第一屏看到的内容，就以为看到了全部，而不会向下滚动。”</FONT></P>\r\n<P><FONT color=#000000>现在中国也有这样的人，而且为数不少。在一个网站的首页，能看到第三屏内容的人只有10%以下，一个过长的网站很容易引起浏览者的视觉疲劳，更何况大部分浏览者很有可能已经被前两屏的内容吸引到别的页面去了。</FONT></P>\r\n<P><STRONG><FONT color=#000000>4、不友好的导航</FONT></STRONG></P>\r\n<P><FONT color=#000000>不友好的导航是最影响用户操作的，不能让用记很方便的找到自己想到的内容。用户来到一个页面不知如何返回上一页，不知道当前页面是在哪个栏目下的，这样的网站很可能用户来了一次就不会再来了。</FONT></P>\r\n<P><STRONG><FONT color=#000000>5、过期的信息</FONT></STRONG></P>\r\n<P><FONT color=#000000>很久不更新的信息，很容易让浏览者感到反感，而且在心中也会对你这个网站的品牌形象大打折扣。</FONT></P>\r\n<P><STRONG><FONT color=#000000>6、死连接或连接错误</FONT></STRONG></P>\r\n<P><FONT color=#000000>这个就不说了，这是最基本的错误，但是好些还有这样的错误，包括新浪这种大网站。</FONT></P>\r\n<P><STRONG><FONT color=#000000>7、孤立的页面</FONT></STRONG></P>\r\n<P><FONT color=#000000>用户不知用什么方法返回首页，这种情况往往是出现在信息提示页或内容调查的结果页上。</FONT></P>\r\n<P><STRONG><FONT color=#000000>8、页面没有视觉差异</FONT></STRONG></P>\r\n<P><FONT color=#000000>页面没有视觉差异，页面设计很“平”，缺少“层次感”，缺少视觉冲击力和亮点或者视觉冲击力突出的并不是网站的主体内容。这是没有经验的设计师设计大型网站时最容易犯的错误。</FONT></P>\r\n<P><FONT color=#000000>把一大堆信息铺天盖地的展示到浏览者的眼前，你认为他会记住多少。页面设计要吸引并引导浏览者来观看你想推广的内容或产品，当然对网页“层次感”的<BR>设计平不是简单的用一些纯度高的颜色来实现，要根据页面的环境及周边元素综合考虑。就象在一个黑板中画一个白点很明显，但在一个白板上画一个白点就看不清<BR>楚了。</FONT></P>\r\n<P><STRONG><FONT color=#000000>9、链连没有标准的表现形式</FONT></STRONG></P>\r\n<P><FONT color=#000000>现在很多刚上网站的人还只认为有带下画线的文字才是链接，网站要有统一标准的链接表现形式，并且要和没有连接的文字有区别，要让浏览者很方便的认出哪些是连接的文字。</FONT></P>\r\n<P><FONT color=#000000>如果是图片加的连接要在图片下标出“点击图片见大图”，图片一定要加ALT属性。“更多”要用中文写，最好不要MORE或者标点符号代替。</FONT></P>\r\n<P><STRONG><FONT color=#000000>10、过多的运用新技术</FONT></STRONG></P>\r\n<P><FONT color=#000000>所谓新技术，就是只有少数人掌握的技术，虽然有可能他的视觉效果很好，功能很强大，但过多的运用新技术，就意味着你准备抛弃99%的用户。</FONT></P>\r\n<P><STRONG><FONT color=#000000>11、缺少互动的内容</FONT></STRONG></P>\r\n<P><FONT color=#000000>缺少互动的内容，缺少网友的参与，不能让网友表达情感和思想，注定这个网站只是个死网站。</FONT></P>\r\n<P><STRONG><FONT color=#000000>12、过复杂的文件目录及文件名</FONT></STRONG></P>\r\n<P><FONT color=#000000>过复杂的文件目录及文件名，不利用搜索引擎对页面的抓取，并且也不利于浏览者的记忆。几乎100%的人输入网址时会用到IE的缓存，目录和文件过于复杂，排在IE缓存很靠下的地方，你当然被第二次访问的机率小的多。</FONT></P>\r\n<P><FONT color=#000000>不要说什么用收藏夹，不会有超过一半的人会用收藏夹。而且象我这种收藏夹过于庞大的人，想在收藏夹里找一个网址也是比较不容易的。</FONT></P>\r\n<P><STRONG><FONT color=#000000>13、使用框架</FONT></STRONG></P>\r\n<P><FONT color=#000000>不建议使用框架，不为什么，就因为搜索引荐不喜欢。连Google的广告计划中，对有框架的代码都是单独的。</FONT></P>\r\n<P><STRONG><FONT color=#000000>14、恶意插件，恶意弹出窗口</FONT></STRONG></P>\r\n<P><STRONG><FONT color=#000000>15、页面中不要过多的用_blank<BR></FONT></STRONG></P>','Ok3w新闻发布系统','Ok3w新闻发布系统','2009-04-25 01:13:08','1',0,'',1,0,0,0,0,0,0),(78,1,116,'0,84,116,','搜索引擎优化SEO的几点忌讳','<P>SEO必须掌握好度，优化得不够，则效果不理想，优化过度，则会被搜索引擎惩罚。</P>\r\n<P>其中的技巧，我不甚了解，不过因多次被搜索引擎惩罚，我也逐渐发现了一些优化的忌讳。</P>\r\n<P><STRONG>一、标题</STRONG></P>\r\n<P>网站的页面标题是经常会被一些客户堆切了很多的关键词，而网页标题恰恰是搜索引擎十分看重的一块地方，堆切了很多相关或者不相关的关键词，很容易就给搜索引擎的算法判断成这个网站存在作弊行为，最后导致搜索引擎封杀站点。</P>\r\n<P>标题针对关键词的写法上，建议一个网页对应1-2个关键词即可，网页的正文内容要与网页标题的主题高度吻合。</P>\r\n<P>网页标题切忌频繁更改。一个不稳定的网站，百度是不会喜欢的，在建站之初，就应该把网站的各个细节都考虑好，一旦建立，便不再轻易更改。</P>\r\n<P><STRONG>二、采集</STRONG></P>\r\n<P>搜索引擎是喜新厌旧的，如果一个网站的内容都是在网络上高度重复的，那么排名绝对不会好，采集的网站百度会收，但是收录后会被慢慢的 k掉，而且很少会给改过自新的机会，哪怕之后天天更新原创文章，也无济于事。但是这并不意味着不可以采集，我们可以针对采集来的文章做一些更改，比如替换内容、更改标题等。</P>\r\n<P><STRONG>三、内部链接</STRONG></P>\r\n<P>很多的SEO工程师都知道，一个网站中有某些网页的权重特别高，喜欢在权重高的网页上堆切大量的关键词链接。</P>\r\n<P>不可否认，在权重高的网站页面上加重点的关键词链接对目标关键词的搜索引擎排名提升会起到帮助，但是在权重高的网页堆积了过量的关键词链接，也会被搜索引擎处罚。</P>\r\n<P>建议对于高权重的网页放置重点目标关键词链接，不要超过10个，而且这些链接放置的位置也是相当重要！</P>\r\n<P><STRONG>四、keywords和description</STRONG></P>\r\n<P>一些刚接触SEO的朋友，很喜欢在keywords和description标签的内容里，堆积一大堆的相关关键词。</P>\r\n<P>关于keywords和description标签在搜索引擎优化中的作用，基本上被主流的搜索引擎算法降低为0或者非常低。在keywords和description上堆积关键词的优化方法，只会起到负面的搜索引擎优化反应。</P>\r\n<P>搜索引擎根据什么条件去判断一个网站是否存在SEO SPAM，虽说我们没有得到官方权威的信息。但是我们依然可以根据实践经验，得到一些重要的信息。不要刻意强调搜索引擎优化技术中某个环节的重要，要讲求平衡。所以，自然的搜索引擎优化才不会出现SEO过度的问题。</P>\r\n<P>对于SEO过度的问题，还有一个重要的问题需要说明，搜索引擎处罚网站的方式，不一定就是直接封杀网站，也有可能是降低网站排名或者降低权重。这些处罚的轻重会根据网站SEO过度的程度而定。</P>\r\n<P>SEO必须要有一个好心态，不可太急躁。尤其百度对新站收录极慢，一个针对百度优化的新站，必须做好打持久战的准备。搜索引擎为何会受到欢迎，就是因为用户能在上面找到需要的东西，而搜索引擎对网站的要求也同样如此，做SEO要多站在用户的角度考虑，搜索引擎的算法是经常改进的，作弊的网站，就算能一时得逞，但终有一天，会被k掉。所以，在网站制作过程中，应该多了解SEO的忌讳，避免触底线。</P>','Ok3w新闻发布系统','Ok3w新闻发布系统','2009-04-25 01:14:19','1',0,'',1,0,0,0,0,0,2),(79,0,89,'0,83,89,','Photoshop外理图片','<p>Photoshop外理图片：<br />\r\n<img alt=\"\" src=\"/webPortals/upfiles/e/20090425095221.jpg\" /></p>\r\n','Ok3w新闻发布系统','Ok3w新闻发布系统','2009-04-25 09:50:30',NULL,1,'/webPortals/upfiles/e/20090425095221.jpg',1,0,0,0,0,1,7),(80,1,89,'0,83,89,','制作奇幻森林场景','<IMG alt=\"\" src=\"/webPortals/upfiles/e/20090425095841.jpg\" align=absMiddle border=0>','Ok3w新闻发布系统','Ok3w新闻发布系统','2009-04-25 09:52:39','1',1,'/webPortals/upfiles/e/20090425095841.jpg',1,0,0,0,0,1,2),(81,1,101,'0,95,101,','Ok3w ASP新闻发布系统功能简介','<P>专注于ASP新闻发布系统开发，力求功能实用，操作方便，运行高效。</P>\r\n<P><STRONG>主要功能：</STRONG><BR>一、后台直接更新系统信息，方便配置站点；<BR>二、数据库在线压缩、备份；<BR>三、友情链接管理；<BR>四、站点介绍类文章任意添加；<BR>五、新闻文章管理：<BR>5.1、无级限分类；<BR>5.2、加入回收站功能，减少无意删除的烦恼；<BR>5.3、自由设置新闻开关、推荐与否；<BR>5.4、特别整理了一套HTML编辑器，提高编辑器加载速度，方便文章自由编辑；<BR>5.5、发布滚动新闻；<BR>5.6、发布图片轮播新闻。</P>\r\n<P><STRONG>调用说明：<BR></STRONG>一、开源系统，采用Class模板，方便二次开发；<BR>二、函数调用说明另见帮助文件，方便自行设计页面。</P>\r\n<P><STRONG>后台登陆：</STRONG><BR>地址：Admin/ad_login.asp<BR>用户名：admin<BR>密码：admin</P>\r\n<P>由于时间仓促，v1.0版功能比较单一，在下一版，预计加入会员管理、留言管理、模板自定义以及全站静态化等功能。</P>\r\n<P>更多说明及在线帮助，请看：<A href=\"http://www.glzy8.com/ok3w/\">http://www.glzy8.com/ok3w/</A></P>','Ok3w新闻发布系统','Ok3w新闻发布系统','2009-04-24 22:36:02','1',0,'',1,0,0,0,0,0,1),(84,1,89,'0,83,89,','水浴美女','<IMG alt=\"\" src=\"/webPortals/upfiles/e/20090425102745.jpg\" align=absMiddle border=0>','Ok3w新闻发布系统','Ok3w新闻发布系统','2009-04-25 10:27:20','1',1,'/webPortals/upfiles/e/20090425102745.jpg',1,0,0,0,0,1,4),(85,1,89,'0,83,89,','Photoshop给美女照片添加艺术背景','<IMG alt=\"\" src=\"/webPortals/upfiles/e/20090425103053.jpg\" align=absMiddle border=0>','Ok3w新闻发布系统','Ok3w新闻发布系统','2009-04-25 10:28:06','1',1,'/webPortals/upfiles/e/20090425103053.jpg',1,0,0,0,0,1,2),(86,0,89,'0,83,89,','Photoshop画笔打造美女舞蹈艺术照片','<p><img alt=\"\" src=\"/webPortals/upfiles/e/20090425103146.jpg\" /></p>\r\n','Ok3w新闻发布系统','Ok3w新闻发布系统','2009-04-25 10:31:09',NULL,1,'/webPortals/upfiles/e/20090425103146.jpg',1,0,0,1,0,1,5);
/*!40000 ALTER TABLE `ok3w_article` ENABLE KEYS */;
UNLOCK TABLES;
ALTER DATABASE `ok3w` CHARACTER SET latin1 COLLATE latin1_swedish_ci ;
/*!50003 SET @saved_cs_client      = @@character_set_client */ ;
/*!50003 SET @saved_cs_results     = @@character_set_results */ ;
/*!50003 SET @saved_col_connection = @@collation_connection */ ;
/*!50003 SET character_set_client  = utf8 */ ;
/*!50003 SET character_set_results = utf8 */ ;
/*!50003 SET collation_connection  = utf8_general_ci */ ;
/*!50003 SET @saved_sql_mode       = @@sql_mode */ ;
/*!50003 SET sql_mode              = 'STRICT_TRANS_TABLES,NO_AUTO_CREATE_USER,NO_ENGINE_SUBSTITUTION' */ ;
DELIMITER ;;
/*!50003 CREATE*/ /*!50017 DEFINER=`root`@`localhost`*/ /*!50003 TRIGGER `setSortPath` BEFORE INSERT ON `ok3w_article`
FOR EACH ROW begin
set new.sortPath=(SELECT c.SortPath from ok3w_class as c WHERE c.ID=NEW.classID);
end */;;
DELIMITER ;
/*!50003 SET sql_mode              = @saved_sql_mode */ ;
/*!50003 SET character_set_client  = @saved_cs_client */ ;
/*!50003 SET character_set_results = @saved_cs_results */ ;
/*!50003 SET collation_connection  = @saved_col_connection */ ;
ALTER DATABASE `ok3w` CHARACTER SET utf8 COLLATE utf8_general_ci ;
ALTER DATABASE `ok3w` CHARACTER SET latin1 COLLATE latin1_swedish_ci ;
/*!50003 SET @saved_cs_client      = @@character_set_client */ ;
/*!50003 SET @saved_cs_results     = @@character_set_results */ ;
/*!50003 SET @saved_col_connection = @@collation_connection */ ;
/*!50003 SET character_set_client  = utf8 */ ;
/*!50003 SET character_set_results = utf8 */ ;
/*!50003 SET collation_connection  = utf8_general_ci */ ;
/*!50003 SET @saved_sql_mode       = @@sql_mode */ ;
/*!50003 SET sql_mode              = 'STRICT_TRANS_TABLES,NO_AUTO_CREATE_USER,NO_ENGINE_SUBSTITUTION' */ ;
DELIMITER ;;
/*!50003 CREATE*/ /*!50017 DEFINER=`root`@`localhost`*/ /*!50003 TRIGGER `updateSortPath` BEFORE UPDATE ON `ok3w_article`
FOR EACH ROW begin
set new.sortPath=(SELECT c.SortPath from ok3w_class as c WHERE c.ID=NEW.classID);
end */;;
DELIMITER ;
/*!50003 SET sql_mode              = @saved_sql_mode */ ;
/*!50003 SET character_set_client  = @saved_cs_client */ ;
/*!50003 SET character_set_results = @saved_cs_results */ ;
/*!50003 SET collation_connection  = @saved_col_connection */ ;
ALTER DATABASE `ok3w` CHARACTER SET utf8 COLLATE utf8_general_ci ;

--
-- Table structure for table `ok3w_channel`
--

DROP TABLE IF EXISTS `ok3w_channel`;
/*!40101 SET @saved_cs_client     = @@character_set_client */;
/*!40101 SET character_set_client = utf8 */;
CREATE TABLE `ok3w_channel` (
  `ChannelId` int(11) NOT NULL,
  `ChannelName` varchar(50) DEFAULT NULL,
  `ChannelPicUrl` varchar(255) DEFAULT NULL,
  `ReadMe` longtext,
  `OrderID` int(11) DEFAULT NULL,
  `ChannelDir` varchar(50) DEFAULT NULL,
  `ModuleType` int(11) DEFAULT NULL,
  PRIMARY KEY (`ChannelId`)
) ENGINE=InnoDB DEFAULT CHARSET=utf8;
/*!40101 SET character_set_client = @saved_cs_client */;

--
-- Dumping data for table `ok3w_channel`
--

LOCK TABLES `ok3w_channel` WRITE;
/*!40000 ALTER TABLE `ok3w_channel` DISABLE KEYS */;
INSERT INTO `ok3w_channel` VALUES (1,'新闻系统','','',1,'',1),(2,'相关说明',NULL,NULL,2,NULL,1);
/*!40000 ALTER TABLE `ok3w_channel` ENABLE KEYS */;
UNLOCK TABLES;

--
-- Table structure for table `ok3w_class`
--

DROP TABLE IF EXISTS `ok3w_class`;
/*!40101 SET @saved_cs_client     = @@character_set_client */;
/*!40101 SET character_set_client = utf8 */;
CREATE TABLE `ok3w_class` (
  `ID` int(11) NOT NULL AUTO_INCREMENT,
  `SortName` varchar(50) NOT NULL DEFAULT '',
  `ParentID` int(11) DEFAULT NULL,
  `SortPath` varchar(50) DEFAULT '',
  `OrderID` int(11) unsigned NOT NULL DEFAULT '0',
  `IsOpen` int(11) unsigned NOT NULL DEFAULT '1',
  PRIMARY KEY (`ID`),
  UNIQUE KEY `SortName` (`SortName`),
  KEY `ID` (`ID`),
  KEY `ParentID` (`ParentID`),
  CONSTRAINT `ok3w_class_ibfk_1` FOREIGN KEY (`ParentID`) REFERENCES `ok3w_class` (`ID`)
) ENGINE=InnoDB AUTO_INCREMENT=134 DEFAULT CHARSET=utf8;
/*!40101 SET character_set_client = @saved_cs_client */;

--
-- Dumping data for table `ok3w_class`
--

LOCK TABLES `ok3w_class` WRITE;
/*!40000 ALTER TABLE `ok3w_class` DISABLE KEYS */;
INSERT INTO `ok3w_class` VALUES (0,'最近更新',NULL,'0,',0,1),(60,'网络编程',0,'0,60,',6,1),(61,'ASP教程',60,'0,60,61,',1,1),(62,'PHP教程 ',60,'0,60,62,',2,1),(83,'平面设计',0,'0,83,',5,1),(84,'网站运营',0,'0,84,',4,1),(85,'办公软件',0,'0,85,',7,1),(87,'Word',85,'0,85,87,',1,1),(89,'Photoshop教程',83,'0,83,89,',0,1),(90,'Fireworks教程',83,'0,83,90,',0,1),(91,'Illustrator教程',83,'0,83,91,',0,1),(92,'CorelDraw教程',83,'0,83,92,',0,1),(93,'Painter教程',83,'0,83,93,',0,1),(94,'Freehand教程',83,'0,83,94,',0,1),(95,'新闻资讯',0,'0,95,',3,1),(96,'业界动态',95,'0,95,96,',0,1),(97,'人物新闻',95,'0,95,97,',0,1),(98,'网站经济',95,'0,95,98,',0,1),(99,'网络媒体',95,'0,95,99,',0,1),(100,'新书快递',95,'0,95,100,',0,1),(101,'站内动态',95,'0,95,101,',0,1),(102,'网络安全',0,'0,102,',1,1),(103,'安全基础',102,'0,102,103,',0,1),(104,'黑客技术',102,'0,102,104,',2,1),(105,'杀毒防毒',102,'0,102,105,',0,1),(106,'安全产品 ',102,'0,102,106,',3,1),(107,'网页制作',0,'0,107,',2,1),(108,'Dreamweaver教程',107,'0,107,108,',3,1),(109,'CSS教程',107,'0,107,109,',2,1),(110,'HTML/Xhtml',107,'0,107,110,',1,1),(111,'Excel',85,'0,85,111,',2,1),(112,'Wps',85,'0,85,112,',3,1),(113,'PowerPoint',85,'0,85,113,',4,1),(114,'OutLook',85,'0,85,114,',5,1),(115,'建站经验',84,'0,84,115,',0,1),(116,'网站优化',84,'0,84,116,',0,1),(117,'网络创业',84,'0,84,117,',0,1),(118,'网络赚钱',84,'0,84,118,',0,1),(119,'免费资源',84,'0,84,119,',0,1),(120,'网站策划',84,'0,84,120,',0,1),(121,'ASP.Net教程 ',60,'0,60,121,',3,1),(122,'Jsp教程 ',60,'0,60,122,',4,1),(130,'数据库教程 ',60,'0,60,130,',5,1),(131,'Frontpage教程',107,'0,107,131,',4,1),(132,'Javascript/Ajax',107,'0,107,132,',5,1),(133,'XML/XSLT',107,'0,107,133,',6,1);
/*!40000 ALTER TABLE `ok3w_class` ENABLE KEYS */;
UNLOCK TABLES;

--
-- Table structure for table `ok3w_class_copy`
--

DROP TABLE IF EXISTS `ok3w_class_copy`;
/*!40101 SET @saved_cs_client     = @@character_set_client */;
/*!40101 SET character_set_client = utf8 */;
CREATE TABLE `ok3w_class_copy` (
  `ID` int(11) NOT NULL AUTO_INCREMENT,
  `SortName` varchar(50) NOT NULL DEFAULT '',
  `ParentID` int(11) DEFAULT NULL,
  `SortPath` varchar(50) DEFAULT '',
  `OrderID` int(11) unsigned NOT NULL DEFAULT '0',
  `IsOpen` int(11) unsigned NOT NULL DEFAULT '1',
  PRIMARY KEY (`ID`),
  UNIQUE KEY `SortName` (`SortName`),
  KEY `ID` (`ID`),
  KEY `ParentID` (`ParentID`),
  CONSTRAINT `ok3w_class_copy_ibfk_1` FOREIGN KEY (`ParentID`) REFERENCES `ok3w_class` (`ID`)
) ENGINE=InnoDB AUTO_INCREMENT=138 DEFAULT CHARSET=utf8;
/*!40101 SET character_set_client = @saved_cs_client */;

--
-- Dumping data for table `ok3w_class_copy`
--

LOCK TABLES `ok3w_class_copy` WRITE;
/*!40000 ALTER TABLE `ok3w_class_copy` DISABLE KEYS */;
INSERT INTO `ok3w_class_copy` VALUES (60,'网络编程',0,'0,60,',6,1),(61,'ASP教程',60,'0,60,61,',1,1),(62,'PHP教程 ',60,'0,60,62,',2,1),(83,'平面设计',0,'0,83,',5,1),(84,'网站运营',0,'0,84,',4,1),(85,'办公软件',0,'0,85,',7,1),(87,'Word',85,'0,85,87,',1,1),(89,'Photoshop教程',83,'0,83,89,',0,1),(90,'Fireworks教程',83,'0,83,90,',0,1),(91,'Illustrator教程',83,'0,83,91,',0,1),(92,'CorelDraw教程',83,'0,83,92,',0,1),(93,'Painter教程',83,'0,83,93,',0,1),(94,'Freehand教程',83,'0,83,94,',0,1),(95,'新闻资讯',0,'0,95,',3,1),(96,'业界动态',95,'0,95,96,',0,1),(97,'人物新闻',95,'0,95,97,',0,1),(98,'网站经济',95,'0,95,98,',0,1),(99,'网络媒体',95,'0,95,99,',0,1),(100,'新书快递',95,'0,95,100,',0,1),(101,'站内动态',95,'0,95,101,',0,1),(102,'网络安全',0,'0,102,',1,1),(103,'安全基础',102,'0,102,103,',0,1),(104,'黑客技术',102,'0,102,104,',2,1),(105,'杀毒防毒',102,'0,102,105,',0,1),(106,'安全产品 ',102,'0,102,106,',3,1),(107,'网页制作',0,'0,107,',2,1),(108,'Dreamweaver教程',107,'0,107,108,',3,1),(109,'CSS教程',107,'0,107,109,',2,1),(110,'HTML/Xhtml',107,'0,107,110,',1,1),(111,'Excel',85,'0,85,111,',2,1),(112,'Wps',85,'0,85,112,',3,1),(113,'PowerPoint',85,'0,85,113,',4,1),(114,'OutLook',85,'0,85,114,',5,1),(115,'建站经验',84,'0,84,115,',0,1),(116,'网站优化',84,'0,84,116,',0,1),(117,'网络创业',84,'0,84,117,',0,1),(118,'网络赚钱',84,'0,84,118,',0,1),(119,'免费资源',84,'0,84,119,',0,1),(120,'网站策划',84,'0,84,120,',0,1),(121,'ASP.Net教程 ',60,'0,60,121,',3,1),(122,'Jsp教程 ',60,'0,60,122,',4,1),(130,'数据库教程 ',60,'0,60,130,',5,1),(131,'Frontpage教程',107,'0,107,131,',4,1),(132,'Javascript/Ajax',107,'0,107,132,',5,1),(133,'XML/XSLT',107,'0,107,133,',6,1),(137,'最近更新',NULL,'0,',0,1);
/*!40000 ALTER TABLE `ok3w_class_copy` ENABLE KEYS */;
UNLOCK TABLES;

--
-- Table structure for table `ok3w_class_copy1`
--

DROP TABLE IF EXISTS `ok3w_class_copy1`;
/*!40101 SET @saved_cs_client     = @@character_set_client */;
/*!40101 SET character_set_client = utf8 */;
CREATE TABLE `ok3w_class_copy1` (
  `ID` int(11) NOT NULL AUTO_INCREMENT,
  `SortName` varchar(50) NOT NULL DEFAULT '',
  `ParentID` int(11) DEFAULT NULL,
  `SortPath` varchar(50) DEFAULT '',
  `OrderID` int(11) unsigned NOT NULL DEFAULT '0',
  `IsOpen` int(11) unsigned NOT NULL DEFAULT '1',
  PRIMARY KEY (`ID`),
  UNIQUE KEY `SortName` (`SortName`),
  KEY `ID` (`ID`),
  KEY `ParentID` (`ParentID`),
  CONSTRAINT `ok3w_class_copy1_ibfk_1` FOREIGN KEY (`ParentID`) REFERENCES `ok3w_class` (`ID`)
) ENGINE=InnoDB AUTO_INCREMENT=138 DEFAULT CHARSET=utf8;
/*!40101 SET character_set_client = @saved_cs_client */;

--
-- Dumping data for table `ok3w_class_copy1`
--

LOCK TABLES `ok3w_class_copy1` WRITE;
/*!40000 ALTER TABLE `ok3w_class_copy1` DISABLE KEYS */;
INSERT INTO `ok3w_class_copy1` VALUES (60,'网络编程',0,'0,60,',6,1),(61,'ASP教程',60,'0,60,61,',1,1),(62,'PHP教程 ',60,'0,60,62,',2,1),(83,'平面设计',0,'0,83,',5,1),(84,'网站运营',0,'0,84,',4,1),(85,'办公软件',0,'0,85,',7,1),(87,'Word',85,'0,85,87,',1,1),(89,'Photoshop教程',83,'0,83,89,',0,1),(90,'Fireworks教程',83,'0,83,90,',0,1),(91,'Illustrator教程',83,'0,83,91,',0,1),(92,'CorelDraw教程',83,'0,83,92,',0,1),(93,'Painter教程',83,'0,83,93,',0,1),(94,'Freehand教程',83,'0,83,94,',0,1),(95,'新闻资讯',0,'0,95,',3,1),(96,'业界动态',95,'0,95,96,',0,1),(97,'人物新闻',95,'0,95,97,',0,1),(98,'网站经济',95,'0,95,98,',0,1),(99,'网络媒体',95,'0,95,99,',0,1),(100,'新书快递',95,'0,95,100,',0,1),(101,'站内动态',95,'0,95,101,',0,1),(102,'网络安全',0,'0,102,',1,1),(103,'安全基础',102,'0,102,103,',0,1),(104,'黑客技术',102,'0,102,104,',2,1),(105,'杀毒防毒',102,'0,102,105,',0,1),(106,'安全产品 ',102,'0,102,106,',3,1),(107,'网页制作',0,'0,107,',2,1),(108,'Dreamweaver教程',107,'0,107,108,',3,1),(109,'CSS教程',107,'0,107,109,',2,1),(110,'HTML/Xhtml',107,'0,107,110,',1,1),(111,'Excel',85,'0,85,111,',2,1),(112,'Wps',85,'0,85,112,',3,1),(113,'PowerPoint',85,'0,85,113,',4,1),(114,'OutLook',85,'0,85,114,',5,1),(115,'建站经验',84,'0,84,115,',0,1),(116,'网站优化',84,'0,84,116,',0,1),(117,'网络创业',84,'0,84,117,',0,1),(118,'网络赚钱',84,'0,84,118,',0,1),(119,'免费资源',84,'0,84,119,',0,1),(120,'网站策划',84,'0,84,120,',0,1),(121,'ASP.Net教程 ',60,'0,60,121,',3,1),(122,'Jsp教程 ',60,'0,60,122,',4,1),(130,'数据库教程 ',60,'0,60,130,',5,1),(131,'Frontpage教程',107,'0,107,131,',4,1),(132,'Javascript/Ajax',107,'0,107,132,',5,1),(133,'XML/XSLT',107,'0,107,133,',6,1),(137,'最近更新',NULL,'0,',0,1);
/*!40000 ALTER TABLE `ok3w_class_copy1` ENABLE KEYS */;
UNLOCK TABLES;

--
-- Table structure for table `ok3w_guest`
--

DROP TABLE IF EXISTS `ok3w_guest`;
/*!40101 SET @saved_cs_client     = @@character_set_client */;
/*!40101 SET character_set_client = utf8 */;
CREATE TABLE `ok3w_guest` (
  `ID` int(11) NOT NULL,
  `UserName` varchar(50) DEFAULT NULL,
  `Mail` varchar(225) DEFAULT NULL,
  `Homepage` varchar(255) DEFAULT NULL,
  `Content` longtext,
  `QQ` varchar(50) DEFAULT NULL,
  `Pic` varchar(50) DEFAULT NULL,
  `AddTime` datetime DEFAULT NULL,
  `Ip` varchar(15) DEFAULT NULL,
  `IsPass` int(11) DEFAULT NULL,
  `Ad_ask` longtext,
  PRIMARY KEY (`ID`)
) ENGINE=InnoDB DEFAULT CHARSET=utf8;
/*!40101 SET character_set_client = @saved_cs_client */;

--
-- Dumping data for table `ok3w_guest`
--

LOCK TABLES `ok3w_guest` WRITE;
/*!40000 ALTER TABLE `ok3w_guest` DISABLE KEYS */;
INSERT INTO `ok3w_guest` VALUES (2,'aaaaaaaa',NULL,NULL,'aaaaaaaaaaaaaaaaa','',NULL,'2009-04-25 11:33:25','127.0.0.1',1,'回复'),(3,'Ok3w',NULL,NULL,'测试一下。\r\n再试一下。','',NULL,'2009-04-25 12:32:57','127.0.0.1',1,'开通，回复一下！'),(4,'Ok3w  ',NULL,NULL,'欢迎访问Ok3w新闻发布系统！','',NULL,'2009-04-25 12:34:45','127.0.0.1',1,''),(5,'留言交流','','','有事请留言','','','2009-04-25 12:37:06','127.0.0.1',1,''),(6,'lfp','','','say hello','','','2015-12-30 20:22:33','127.0.0.1',1,'');
/*!40000 ALTER TABLE `ok3w_guest` ENABLE KEYS */;
UNLOCK TABLES;

--
-- Table structure for table `ok3w_link`
--

DROP TABLE IF EXISTS `ok3w_link`;
/*!40101 SET @saved_cs_client     = @@character_set_client */;
/*!40101 SET character_set_client = utf8 */;
CREATE TABLE `ok3w_link` (
  `Lid` int(11) NOT NULL,
  `Lname` varchar(255) DEFAULT NULL,
  `Lpic` varchar(255) DEFAULT NULL,
  `Lurl` varchar(255) DEFAULT NULL,
  `Lnote` varchar(255) DEFAULT NULL,
  `Lorder` int(11) DEFAULT NULL,
  PRIMARY KEY (`Lid`)
) ENGINE=InnoDB DEFAULT CHARSET=utf8;
/*!40101 SET character_set_client = @saved_cs_client */;

--
-- Dumping data for table `ok3w_link`
--

LOCK TABLES `ok3w_link` WRITE;
/*!40000 ALTER TABLE `ok3w_link` DISABLE KEYS */;
INSERT INTO `ok3w_link` VALUES (1,'管理资源吧','','http://www.glzy8.com/','',1),(2,'百度','','http://www.baidu.com/','',2),(3,'Google','','http://www.g.cn/','',3),(4,'电脑乐园','','http://www.pc3399.com/','',4);
/*!40000 ALTER TABLE `ok3w_link` ENABLE KEYS */;
UNLOCK TABLES;

--
-- Table structure for table `ok3w_siteconfig`
--

DROP TABLE IF EXISTS `ok3w_siteconfig`;
/*!40101 SET @saved_cs_client     = @@character_set_client */;
/*!40101 SET character_set_client = utf8 */;
CREATE TABLE `ok3w_siteconfig` (
  `SiteIsClose` int(11) DEFAULT NULL,
  `SiteCloseNote` varchar(255) DEFAULT NULL,
  `SitePath` varchar(50) DEFAULT NULL,
  `SiteDbPath` varchar(50) DEFAULT NULL,
  `SiteAdminPath` varchar(50) DEFAULT NULL,
  `SiteName` varchar(255) DEFAULT NULL,
  `SiteTitle` varchar(255) DEFAULT NULL,
  `SiteKeyWords` varchar(255) DEFAULT NULL,
  `SiteDescription` varchar(255) DEFAULT NULL,
  `SiteUrl` varchar(255) DEFAULT NULL,
  `SiteTCPIP` varchar(50) DEFAULT NULL,
  `SiteCoName` varchar(50) DEFAULT NULL,
  `SiteLinkMan` varchar(50) DEFAULT NULL,
  `SiteTel` varchar(50) DEFAULT NULL,
  `SiteFax` varchar(50) DEFAULT NULL,
  `SiteAddress` varchar(255) DEFAULT NULL,
  `SiteZip` varchar(50) DEFAULT NULL,
  `SiteEmail` varchar(255) DEFAULT NULL,
  `SiteQQ` varchar(50) DEFAULT NULL,
  `SiteMsn` int(11) DEFAULT NULL,
  `SiteMailSmtpName` varchar(255) DEFAULT NULL,
  `SiteMailSmtpUser` varchar(50) DEFAULT NULL,
  `SiteMailSmtpPass` varchar(50) DEFAULT NULL,
  `SiteMailSmtpFromEmail` varchar(255) DEFAULT NULL,
  `siteMailSmtpFromUser` varchar(50) DEFAULT NULL,
  `SiteMailSmtpType` varchar(50) DEFAULT NULL,
  `PhotoThumbDLL` varchar(50) DEFAULT NULL,
  `PhotoThumbW` int(11) DEFAULT NULL,
  `PhotoThumbH` int(11) DEFAULT NULL,
  `Alipay_open` int(11) DEFAULT NULL,
  `Alipay_email` varchar(225) DEFAULT NULL,
  `Alipay_code` varchar(50) DEFAULT NULL,
  `Alipay_partner` varchar(50) DEFAULT NULL
) ENGINE=InnoDB DEFAULT CHARSET=utf8;
/*!40101 SET character_set_client = @saved_cs_client */;

--
-- Dumping data for table `ok3w_siteconfig`
--

LOCK TABLES `ok3w_siteconfig` WRITE;
/*!40000 ALTER TABLE `ok3w_siteconfig` DISABLE KEYS */;
INSERT INTO `ok3w_siteconfig` VALUES (0,'网站维护中，请稍后再访问...','/','Db/Ok3w1.0.asp','Admin/','Ok3w新闻发布系统','ASP新闻发布系统（Ok3w v1.0）','ASP新闻发布系统','ASP新闻发布系统','http://www.glzy8.com','滇ICP备00000000号','Ok3w新闻发布系统','郭先生','0871-0000000','0871-0000000','中国 云南 昆明','650000','zhengbi888@yahoo.com.cn','124895502',4,'','','','','','','aspJpeg',120,100,0,'','',''),(0,'网站维护中，请稍后再访问...','/','Db/Ok3w1.0.asp','Admin/','Ok3w新闻发布系统','ASP新闻发布系统（Ok3w v1.0）','ASP新闻发布系统','ASP新闻发布系统','http://www.glzy8.com','滇ICP备00000000号','Ok3w新闻发布系统','郭先生','0871-0000000','0871-0000000','中国 云南 昆明','650000','zhengbi888@yahoo.com.cn','124895502',4,'','','','','','','aspJpeg',120,100,0,'','','');
/*!40000 ALTER TABLE `ok3w_siteconfig` ENABLE KEYS */;
UNLOCK TABLES;
/*!40103 SET TIME_ZONE=@OLD_TIME_ZONE */;

/*!40101 SET SQL_MODE=@OLD_SQL_MODE */;
/*!40014 SET FOREIGN_KEY_CHECKS=@OLD_FOREIGN_KEY_CHECKS */;
/*!40014 SET UNIQUE_CHECKS=@OLD_UNIQUE_CHECKS */;
/*!40101 SET CHARACTER_SET_CLIENT=@OLD_CHARACTER_SET_CLIENT */;
/*!40101 SET CHARACTER_SET_RESULTS=@OLD_CHARACTER_SET_RESULTS */;
/*!40101 SET COLLATION_CONNECTION=@OLD_COLLATION_CONNECTION */;
/*!40111 SET SQL_NOTES=@OLD_SQL_NOTES */;

-- Dump completed on 2017-07-04 13:54:16
